Education,Marital_Status,Income,Recency,Age,Children,TotalSpent,TotalCampaignAccepted,TotalPurchases,cluster
0,1,58138.0,58,69,0,1617,1,25,2
0,1,46344.0,38,72,2,27,0,6,2
0,0,71613.0,26,61,0,776,0,21,1
0,0,26646.0,26,42,1,53,0,8,0
0,0,58293.0,94,45,1,422,0,19,2
0,0,62513.0,16,59,1,716,0,22,2
0,1,55635.0,34,55,1,590,0,21,2
0,0,33454.0,32,41,1,169,0,10,0
0,0,30351.0,19,52,1,46,1,6,0
0,0,5648.0,68,76,2,49,1,2,0
0,0,52247.25135379061,11,43,1,19,0,4,2
1,0,7500.0,59,50,0,61,0,6,0
0,1,63033.0,82,67,0,1102,0,16,2
0,1,59354.0,53,74,2,310,0,15,2
0,0,17323.0,38,39,0,46,0,5,0
0,1,82800.0,23,80,0,1315,3,26,1
0,0,41850.0,51,46,2,96,0,9,2
0,0,37760.0,20,80,0,317,0,13,0
0,0,76995.0,91,77,1,1782,1,26,1
0,1,33812.0,86,41,1,133,0,8,0
0,0,37040.0,41,44,0,316,0,12,0
0,0,2447.0,42,47,1,1730,0,43,0
0,0,58607.0,63,77,1,972,1,17,2
0,0,65324.0,0,72,1,544,0,20,1
0,0,40689.0,69,75,1,444,0,20,2
0,1,18589.0,89,57,0,75,0,8,0
0,0,53359.0,4,50,2,257,0,14,2
0,1,52247.25135379061,19,40,1,637,0,27,2
0,0,38360.0,26,37,1,131,0,9,0
0,0,84618.0,96,61,0,1672,1,26,1
0,1,10979.0,34,37,0,30,0,8,0
0,0,38620.0,56,63,0,318,0,11,0
0,0,40548.0,31,56,1,120,1,9,2
0,1,46610.0,8,74,2,302,1,17,2
0,0,68657.0,4,80,0,1196,0,18,1
0,1,49389.0,55,75,2,65,0,6,2
0,0,67353.0,37,56,1,913,0,28,1
0,0,23718.0,76,50,1,81,0,9,0
0,1,42429.0,99,53,1,67,0,7,2
0,1,48948.0,53,83,0,902,2,24,2
0,0,80011.0,3,46,1,1395,0,21,1
0,0,20559.0,88,41,1,53,0,7,0
0,0,21994.0,4,69,1,22,0,4,0
0,1,52247.25135379061,80,67,0,186,0,9,2
0,0,7500.0,19,51,1,31,0,8,0
0,1,79941.0,72,50,0,984,0,16,1
0,0,7500.0,24,30,0,122,1,10,0
0,0,41728.0,92,58,1,55,0,5,2
0,1,52247.25135379061,96,75,3,124,0,10,2
0,0,72550.0,39,72,2,1319,0,28,1
0,1,65486.0,29,69,1,507,0,17,1
0,0,79143.0,2,62,0,1693,0,29,1
0,1,35790.0,54,49,1,72,0,7,0
0,1,82582.0,54,49,0,1617,3,21,1
0,0,66373.0,57,48,2,606,0,23,1
0,0,82384.0,55,71,0,1957,2,27,1
0,1,70287.0,30,60,0,1093,1,21,1
0,1,27938.0,31,38,1,29,0,6,0
0,1,52247.25135379061,57,44,1,46,0,7,2
0,0,55954.0,63,58,1,518,0,19,2
0,1,75777.0,12,44,0,1438,3,21,1
0,0,66653.0,18,51,2,612,0,22,1
0,1,61823.0,26,74,1,884,0,24,2
0,1,67680.0,8,75,1,606,0,19,1
0,0,70666.0,29,78,0,1076,0,16,1
0,0,25721.0,75,55,1,34,1,5,0
0,0,32474.0,0,59,2,11,0,4,0
0,1,88194.0,19,47,1,1274,3,32,1
0,0,69096.0,4,68,1,653,0,18,1
0,0,74854.0,90,56,3,1562,0,19,1
0,0,66991.0,1,72,0,1253,0,21,1
0,0,52247.25135379061,25,53,1,109,0,9,2
0,0,65031.0,29,67,1,863,0,30,1
0,0,60631.0,88,51,2,661,1,24,2
0,0,28332.0,58,74,0,65,0,8,0
0,1,40246.0,68,49,1,13,0,4,2
0,0,75251.0,34,54,0,1890,1,19,1
0,1,75825.0,40,50,0,2209,2,22,1
0,0,26326.0,12,50,0,18,0,4,0
0,0,56046.0,9,61,0,692,2,21,2
0,1,29760.0,87,41,1,165,0,12,0
0,0,26304.0,5,57,1,16,0,4,0
0,0,23559.0,87,53,1,79,0,9,0
0,0,38620.0,56,63,0,318,0,11,0
0,1,81361.0,18,39,0,778,0,27,1
0,0,29440.0,95,66,2,56,0,7,0
0,0,36138.0,48,56,2,151,1,13,0
0,1,50388.0,3,69,1,372,3,17,2
0,0,79593.0,70,53,0,1366,1,19,1
0,0,54178.0,79,59,1,194,0,10,2
0,0,52247.25135379061,4,69,3,603,0,29,2
0,1,52247.25135379061,45,69,2,18,0,4,2
0,0,52247.25135379061,87,53,0,985,0,15,2
0,1,42394.0,69,54,1,32,0,5,2
0,0,23626.0,84,56,1,43,0,10,0
0,0,30096.0,30,43,1,45,0,6,0
0,1,47916.0,72,66,1,606,1,22,2
0,1,51813.0,37,54,2,63,0,7,2
0,0,78497.0,44,75,0,978,1,25,1
0,0,50150.0,32,43,0,410,0,16,2
0,1,47823.0,0,66,1,72,0,7,2
0,1,34554.0,43,67,1,55,0,7,0
0,0,85693.0,59,47,1,1169,0,27,1
0,0,65846.0,68,81,0,1120,0,16,1
0,0,87195.0,35,67,0,1097,1,20,1
1,0,24594.0,94,47,1,29,0,5,0
0,0,49096.0,15,62,2,187,0,13,2
0,0,52413.0,56,57,2,910,0,26,2
0,1,38557.0,17,48,1,145,0,9,0
0,0,89058.0,18,66,0,850,0,14,1
0,0,77298.0,46,47,1,969,0,24,1
0,1,68126.0,40,35,0,1820,2,17,1
0,0,57288.0,27,63,1,608,1,20,2
0,1,86037.0,95,35,0,730,3,25,1
0,0,43974.0,19,46,1,551,0,21,2
0,1,50785.0,27,64,2,114,0,8,2
0,0,90765.0,25,56,0,1724,2,15,1
0,0,36550.0,74,48,1,577,0,20,0
0,0,30753.0,85,59,2,81,0,7,0
0,0,21918.0,37,57,1,33,0,7,0
0,0,56129.0,65,73,1,660,0,22,2
0,1,32557.0,13,59,1,80,1,9,0
0,0,19510.0,63,41,2,30,0,6,0
0,1,30992.0,83,50,1,43,0,5,0
0,1,101970.0,69,43,0,1135,4,27,1
0,0,71488.0,87,61,0,559,0,16,1
0,1,79607.0,37,42,0,1923,1,16,1
0,0,54348.0,51,73,2,90,0,8,2
0,0,52247.25135379061,23,65,1,404,0,17,2
0,0,77376.0,72,70,2,661,0,23,1
0,0,62998.0,10,74,1,463,0,19,2
0,1,61331.0,42,68,2,632,0,23,2
0,0,73448.0,10,57,0,725,0,19,1
0,0,52247.25135379061,96,63,1,725,0,19,2
0,0,41551.0,51,62,2,279,0,16,2
0,0,62981.0,21,59,0,1482,1,23,2
1,1,9548.0,31,50,1,29,0,6,0
0,0,33762.0,61,67,3,106,0,9,0
0,1,35860.0,37,53,2,49,2,6,0
0,1,36921.0,74,61,2,38,0,7,0
0,1,92859.0,46,34,0,2077,0,22,1
0,0,65104.0,4,50,1,1053,1,17,1
0,0,86111.0,73,64,0,1385,0,23,1
0,1,68352.0,47,52,1,871,0,25,1
0,0,41883.0,13,38,1,312,0,12,2
0,0,59809.0,36,50,2,877,0,15,2
0,0,23957.0,47,51,1,68,1,6,0
0,0,38547.0,49,45,1,22,0,4,0
0,0,35688.0,94,53,3,211,0,16,0
0,0,49605.0,65,60,0,127,0,8,2
0,0,59354.0,59,73,2,459,0,16,2
0,0,65747.0,96,57,1,460,1,19,1
0,0,46344.0,28,54,1,429,0,17,2
0,1,34176.0,12,38,1,89,0,11,0
0,0,61010.0,57,74,1,1021,0,26,2
0,0,69372.0,10,77,0,1381,3,21,1
0,1,49967.0,4,68,1,306,0,15,2
0,1,60199.0,49,48,3,18,0,4,2
0,0,55375.0,3,49,1,162,0,9,2
0,1,80317.0,64,71,0,1231,0,18,1
0,1,30523.0,0,68,3,13,0,4,0
0,0,70356.0,20,81,0,1706,0,27,1
0,0,23228.0,91,42,1,121,0,11,0
0,1,74165.0,9,51,0,1293,0,20,1
0,0,43482.0,83,60,3,88,0,9,2
0,1,62551.0,27,73,0,421,1,18,2
0,1,52332.0,63,67,0,259,1,12,2
0,1,66951.0,46,38,0,1117,0,15,1
0,0,26091.0,84,69,2,89,0,9,0
0,0,33456.0,58,61,2,36,0,6,0
0,0,28718.0,78,44,1,57,0,7,0
0,0,50447.0,4,56,2,148,0,8,2
0,0,53537.0,17,67,2,93,0,8,2
0,1,52074.0,77,59,1,119,1,7,2
0,0,80427.0,56,51,1,1835,0,28,1
0,0,83837.0,79,78,0,1318,3,25,1
0,0,38853.0,90,56,2,45,0,7,0
0,0,38285.0,96,67,3,10,0,4,0
0,0,78497.0,44,75,0,978,1,25,1
0,0,51650.0,81,50,1,191,0,10,2
0,0,16248.0,77,38,1,57,0,9,0
0,0,66835.0,21,80,0,1033,0,24,1
0,0,30477.0,16,42,1,66,0,6,0
1,0,28249.0,80,65,0,43,0,6,0
0,0,25271.0,45,43,1,50,0,5,0
0,1,32303.0,63,56,1,39,0,7,0
0,0,61286.0,34,60,1,608,0,18,2
0,0,74068.0,14,50,0,1581,0,24,1
0,0,45759.0,13,62,2,68,0,7,2
1,0,24882.0,52,48,1,80,1,5,0
0,0,66973.0,98,37,0,1282,0,28,1
0,0,38872.0,93,38,1,91,0,8,0
0,0,51148.0,38,53,2,315,0,16,2
0,0,31353.0,24,49,2,31,0,6,0
0,0,69661.0,80,46,0,834,0,23,1
0,0,80067.0,82,72,0,1600,1,17,1
0,0,86718.0,20,72,0,1270,0,17,1
0,1,46854.0,81,53,2,263,2,15,2
0,1,69142.0,50,74,1,535,1,19,1
0,1,75922.0,60,58,0,1295,0,18,1
0,1,63693.0,63,48,1,1150,0,29,2
0,0,102160.0,54,49,0,1240,4,26,1
0,1,40637.0,72,61,2,38,0,6,2
0,1,18890.0,5,42,0,35,2,4,0
0,0,29604.0,88,38,1,53,1,5,0
0,1,48721.0,50,63,2,293,0,17,2
0,0,44794.0,99,60,1,65,0,6,2
0,1,64497.0,17,72,1,1804,2,29,1
0,0,46097.0,11,70,1,241,0,15,2
0,0,77972.0,18,72,0,1101,0,20,1
0,0,44377.0,70,58,2,264,0,19,2
0,0,46014.0,21,52,2,541,0,26,2
0,0,70951.0,66,41,0,1198,0,17,1
0,0,41443.0,79,49,1,482,0,20,2
0,1,52195.0,2,48,3,17,0,4,2
0,0,83790.0,81,78,0,1615,2,25,1
0,1,44551.0,24,72,1,285,0,12,2
0,0,69508.0,48,46,1,1135,0,28,1
0,0,45204.0,93,38,1,114,0,7,2
0,0,72460.0,56,57,0,1047,0,16,1
0,0,77622.0,3,56,2,714,0,22,1
0,0,30732.0,44,46,1,185,0,13,0
0,1,63887.0,38,64,1,1245,0,32,1
0,0,42011.0,46,48,1,189,0,12,2
0,0,51369.0,84,50,1,576,0,16,2
0,1,51537.0,27,74,1,1103,0,18,2
0,0,79930.0,72,54,0,1753,0,17,1
0,0,34320.0,66,40,1,17,0,4,0
0,1,37070.0,30,60,2,433,1,23,0
0,1,81975.0,2,64,1,1588,1,14,1
0,0,38590.0,65,55,1,22,0,4,0
0,1,15033.0,37,75,0,19,0,5,0
0,0,62745.0,89,61,1,1117,0,29,2
0,0,22212.0,49,51,1,69,0,8,0
0,0,23661.0,46,44,1,23,0,5,0
0,1,79761.0,32,68,1,605,0,19,1
0,1,7500.0,54,53,1,57,0,11,0
0,1,73455.0,98,58,0,2088,1,22,1
0,0,64961.0,97,68,1,1009,0,16,1
0,1,22804.0,75,55,1,26,0,5,0
0,0,73687.0,8,36,0,1627,2,22,1
0,0,61074.0,37,68,1,1102,0,31,2
0,0,31686.0,31,62,2,17,0,6,0
0,0,80134.0,40,54,1,1690,4,16,1
0,0,75027.0,74,73,1,1390,0,21,1
0,0,67546.0,90,38,0,2126,0,20,1
0,0,65176.0,57,57,1,1531,0,25,1
0,1,31160.0,59,51,1,64,0,7,0
0,1,29938.0,52,41,1,26,0,6,0
0,1,102692.0,5,52,0,1112,5,29,1
0,0,26490.0,92,68,0,210,0,11,0
0,0,75702.0,77,59,2,1148,0,26,1
0,1,30899.0,35,52,1,33,0,6,0
0,0,63342.0,48,65,1,1101,1,19,2
0,1,45989.0,97,62,1,322,0,16,2
0,1,18701.0,95,62,2,44,0,10,0
0,1,40737.0,24,69,3,17,0,4,2
0,1,15287.0,60,47,1,31,2,6,0
0,1,69674.0,46,58,2,845,0,25,1
0,0,44159.0,85,56,1,275,0,15,2
0,0,37717.0,31,48,1,25,0,4,0
0,0,43776.0,9,74,2,275,1,17,2
0,0,38179.0,30,60,2,90,0,11,0
0,0,80124.0,47,63,0,1495,1,19,1
0,0,38097.0,70,56,2,184,2,11,0
0,0,72940.0,13,56,0,981,0,13,1
0,0,22070.0,11,56,1,67,0,8,0
0,1,69267.0,31,73,0,1635,1,14,1
0,1,31788.0,15,43,1,60,0,10,0
0,0,61905.0,2,51,1,231,0,12,2
0,0,29315.0,55,66,2,48,0,10,0
0,1,33378.0,38,63,2,99,0,9,0
0,0,66313.0,86,63,1,770,0,23,1
0,1,60714.0,56,70,0,957,1,23,2
0,0,77882.0,29,45,0,818,0,12,1
0,1,69867.0,30,40,0,925,2,17,1
0,1,63841.0,64,58,1,908,0,22,1
1,0,24480.0,46,45,1,102,0,10,0
0,0,51369.0,84,50,1,576,0,16,2
0,0,37760.0,20,80,0,317,0,13,0
0,0,65640.0,74,52,1,461,0,15,1
0,0,44319.0,18,51,2,37,0,7,2
0,0,30631.0,75,52,1,70,0,7,0
0,0,75278.0,17,74,0,930,0,23,1
0,0,50898.0,88,70,2,859,0,33,2
0,1,79946.0,19,60,0,1478,0,22,1
0,1,35416.0,62,77,0,390,0,16,0
0,0,32414.0,11,42,0,52,1,5,0
0,0,38361.0,74,57,1,137,0,10,0
0,0,82497.0,32,46,0,1919,1,19,1
0,0,16626.0,76,55,2,68,0,9,0
0,0,29672.0,6,61,2,25,0,4,0
0,0,55951.0,62,74,1,1374,2,23,2
0,1,35388.0,20,38,1,32,0,5,0
0,0,42386.0,43,40,1,100,0,7,2
0,1,68627.0,45,44,0,825,0,12,1
0,1,57912.0,34,61,1,916,1,28,2
0,1,35246.0,53,68,2,62,0,11,0
0,0,58821.0,44,70,1,728,0,21,2
0,0,46377.0,89,48,1,90,0,7,2
0,1,39747.0,43,38,1,273,0,13,0
0,0,23976.0,68,42,1,66,0,10,0
0,0,80950.0,44,65,0,1213,1,23,1
0,1,27038.0,64,60,0,107,1,7,0
0,1,77457.0,85,79,0,1157,1,18,1
0,0,64100.0,93,62,1,546,1,18,1
0,0,42670.0,12,34,0,241,0,11,2
0,1,12571.0,86,50,1,53,0,11,0
0,0,22574.0,28,59,3,37,0,7,0
0,0,52247.25135379061,69,37,0,1611,2,24,2
0,1,70893.0,42,50,0,1508,0,23,1
0,0,54198.0,13,60,2,235,0,16,2
0,0,28839.0,86,70,2,32,0,7,0
0,0,40321.0,59,54,2,102,0,8,2
0,1,66503.0,30,41,1,401,0,15,1
0,0,30833.0,33,75,2,28,0,6,0
0,1,52247.25135379061,67,56,3,1052,2,21,2
0,0,64795.0,23,55,1,680,0,21,1
0,0,34421.0,81,52,1,30,0,4,0
0,1,47025.0,6,61,2,20,0,4,2
0,1,64325.0,41,65,1,1307,0,23,1
0,1,40464.0,78,73,1,630,0,24,2
0,0,62187.0,49,69,0,1283,0,18,2
0,1,14849.0,39,50,1,65,0,9,0
0,0,27255.0,3,42,1,37,0,5,0
0,0,54432.0,37,76,3,38,0,5,2
0,1,29999.0,22,40,1,160,0,12,0
0,1,24072.0,79,43,1,23,0,4,0
0,1,33996.0,46,37,0,71,0,6,0
0,0,66334.0,82,70,1,1161,1,19,1
0,0,35178.0,10,55,1,59,2,5,0
0,0,22010.0,51,43,1,33,0,7,0
0,1,62204.0,38,66,2,946,0,22,2
0,1,75693.0,10,58,0,1442,4,22,1
0,0,30675.0,14,54,1,62,0,5,0
0,0,83003.0,18,61,0,1674,2,22,1
0,1,68655.0,95,38,0,1538,0,21,1
0,1,41411.0,11,40,0,139,0,8,2
0,0,55212.0,65,57,1,1182,2,20,2
0,0,59292.0,71,76,1,507,0,18,2
1,0,27190.0,13,53,1,18,2,4,0
0,1,82623.0,58,74,0,940,0,16,1
0,0,44300.0,65,61,2,42,0,6,2
0,1,84835.0,0,56,0,1190,1,15,1
0,1,30372.0,33,55,2,44,0,8,0
0,0,33181.0,90,50,1,16,1,4,0
0,0,71113.0,95,69,1,835,0,26,1
0,0,71952.0,93,40,1,1443,2,22,1
0,1,69759.0,38,60,0,1029,1,18,1
0,0,72099.0,18,52,0,1188,0,18,1
0,1,60000.0,57,50,1,1277,0,24,2
0,1,38643.0,45,48,2,49,0,7,0
0,0,50737.0,61,71,1,99,1,7,2
0,0,68462.0,6,57,0,1670,0,15,1
0,0,65073.0,65,83,0,900,0,14,1
0,0,46681.0,52,78,2,425,0,16,2
0,0,78618.0,87,69,0,2153,1,22,1
0,1,62187.0,38,57,1,636,0,21,2
0,0,28442.0,53,48,2,57,0,10,0
0,0,37717.0,31,48,1,25,0,4,0
0,0,51479.0,67,59,2,494,0,22,2
0,1,54803.0,65,57,1,693,0,19,2
0,0,79530.0,64,66,0,1348,0,26,1
0,1,31615.0,82,50,1,51,0,7,0
0,0,72025.0,27,64,0,1932,0,16,1
0,1,52614.0,63,51,1,990,0,16,2
0,0,35684.0,66,42,1,30,0,5,0
0,0,48178.0,69,51,2,254,0,16,2
0,1,29548.0,52,56,1,29,1,5,0
0,1,63810.0,45,60,1,1371,1,23,1
0,1,38578.0,2,54,2,73,1,9,0
0,1,46098.0,86,51,2,120,0,11,2
0,1,22585.0,23,56,0,81,2,5,0
0,1,30279.0,13,37,1,37,0,5,0
0,0,66426.0,14,65,1,1377,0,20,1
0,1,30822.0,92,57,1,51,0,5,0
0,0,33581.0,38,57,2,17,0,4,0
0,0,19986.0,74,41,1,22,0,4,0
0,1,27421.0,14,72,0,324,0,14,0
0,0,35688.0,94,53,3,211,0,16,0
0,1,36143.0,33,45,1,19,0,4,0
0,1,10245.0,32,55,1,41,0,8,0
0,0,43795.0,11,58,1,492,2,17,2
0,0,63381.0,78,66,1,1005,0,26,2
0,0,38823.0,56,77,1,114,0,7,0
0,1,83664.0,57,58,2,1173,0,19,1
0,0,90300.0,7,47,0,1738,1,19,1
0,0,62499.0,0,47,1,222,0,12,2
0,1,74293.0,66,33,0,1127,0,16,1
0,0,51012.0,86,80,0,209,0,10,2
0,0,70777.0,80,58,1,787,0,23,1
0,0,68682.0,56,35,0,1598,0,24,1
0,0,43824.0,18,55,2,186,0,12,2
0,0,15345.0,51,42,1,47,1,6,0
0,1,23442.0,71,39,1,27,0,5,0
0,0,14515.0,71,46,1,96,1,11,0
0,1,31395.0,80,70,2,64,0,10,0
0,0,75276.0,2,61,0,1040,0,23,1
0,1,42373.0,83,52,2,163,0,13,2
0,0,30507.0,29,66,0,343,0,11,0
0,1,55521.0,11,71,3,446,2,24,2
0,0,48006.0,55,61,2,41,0,5,2
0,1,27213.0,19,54,1,70,1,9,0
0,1,65808.0,1,55,2,272,0,14,1
0,0,30351.0,19,52,1,46,0,6,0
0,0,50437.0,28,63,2,490,0,19,2
0,1,23616.0,76,44,1,79,1,8,0
0,0,53858.0,50,50,1,915,0,17,2
0,0,66465.0,1,71,1,1485,1,35,1
0,1,46923.0,90,39,1,369,0,16,2
0,0,75072.0,83,64,1,1073,0,19,1
0,0,75865.0,73,83,0,1242,0,19,1
0,0,19789.0,24,51,1,78,1,9,0
0,0,80134.0,11,32,0,1378,4,21,1
0,1,91065.0,33,45,0,1474,3,26,1
0,0,49505.0,4,55,2,751,0,29,2
0,0,37401.0,14,53,1,48,0,7,0
0,0,30096.0,30,43,1,45,0,6,0
0,0,18492.0,75,44,1,10,0,4,0
0,0,82584.0,26,52,0,1435,3,16,1
0,0,93027.0,77,85,0,2119,1,22,1
0,0,48686.0,8,73,3,20,0,4,2
0,0,92910.0,42,40,0,1795,3,27,1
0,0,75433.0,28,37,1,1188,2,19,1
0,0,10404.0,52,37,1,43,0,7,0
0,0,61314.0,1,58,1,1008,0,24,2
0,1,84865.0,1,65,0,1688,5,16,1
0,0,42387.0,42,37,1,684,0,21,2
0,0,67309.0,76,59,2,1082,0,39,1
0,0,75236.0,27,62,1,1068,0,25,1
0,1,30015.0,28,56,1,57,0,7,0
0,0,50943.0,49,70,1,46,0,5,2
0,1,67272.0,12,60,1,733,0,23,1
0,1,51529.0,14,77,1,467,0,17,2
0,0,32011.0,89,55,1,122,0,10,0
0,0,7500.0,96,40,1,36,0,7,0
0,0,28691.0,56,37,1,34,0,5,0
0,0,56223.0,72,78,1,156,0,10,2
0,0,18100.0,14,80,0,14,0,4,0
0,1,30279.0,13,37,1,37,0,5,0
0,0,20130.0,99,52,0,34,0,5,0
0,1,23295.0,72,67,0,20,0,4,0
0,1,42618.0,92,54,1,192,0,11,2
0,1,81246.0,87,62,0,1379,2,17,1
0,0,24027.0,7,50,1,48,0,7,0
0,0,55707.0,91,73,1,428,0,16,2
0,1,57959.0,71,71,1,868,0,27,2
0,0,56796.0,24,57,1,1001,0,27,2
0,1,36230.0,17,55,1,59,0,7,0
0,0,70829.0,87,46,2,431,0,16,1
0,0,65991.0,21,50,1,971,0,27,1
0,0,38988.0,90,54,3,348,0,19,0
0,1,89572.0,44,60,0,2059,3,24,1
0,0,42207.0,71,42,1,265,2,14,2
0,0,50300.0,52,74,1,270,0,13,2
0,0,66664.0,78,44,0,1289,0,19,1
0,0,60597.0,2,62,1,893,2,16,2
0,1,70165.0,60,77,0,926,0,22,1
0,1,50520.0,25,68,1,135,0,9,2
0,0,80124.0,47,63,0,1495,1,19,1
0,0,33183.0,46,51,1,120,0,9,0
0,1,66582.0,83,57,0,1288,0,20,1
0,0,75261.0,17,71,0,1743,3,17,1
0,1,31880.0,13,56,1,15,0,4,0
0,0,53790.0,86,75,2,542,0,20,2
0,0,49269.0,92,55,1,890,0,25,2
0,0,61456.0,47,51,1,1388,0,33,2
0,0,37406.0,18,46,1,17,1,4,0
0,0,56937.0,81,45,1,906,2,30,2
0,0,38415.0,91,48,2,44,0,6,0
0,1,20518.0,58,38,1,25,0,5,0
0,0,62503.0,40,70,1,973,0,26,2
0,1,41644.0,67,54,2,31,0,6,2
0,0,55842.0,19,49,1,518,0,17,2
0,0,62010.0,93,54,1,530,0,19,2
0,0,41124.0,41,49,1,506,0,21,2
0,0,38961.0,60,53,1,70,0,6,0
0,1,37760.0,54,54,1,54,0,6,0
0,1,32233.0,26,52,1,296,2,12,0
0,0,43057.0,30,51,1,266,0,15,2
0,0,83151.0,93,66,0,747,0,19,1
0,1,78825.0,35,62,0,895,1,29,1
0,0,65104.0,4,50,1,1053,0,17,1
0,0,60093.0,92,52,1,735,0,21,2
0,0,14045.0,24,57,1,20,0,5,0
0,1,28457.0,96,74,0,205,0,10,0
0,0,78952.0,11,68,1,2092,0,21,1
0,1,46310.0,99,50,1,309,0,14,2
0,0,76005.0,72,71,0,1722,1,22,1
0,1,58308.0,77,62,1,900,0,15,2
0,1,55614.0,85,82,0,682,1,20,2
0,1,59432.0,88,64,1,663,0,22,2
0,1,55563.0,22,48,1,43,0,6,2
0,0,78642.0,83,55,1,1816,0,18,1
0,0,67911.0,63,77,1,976,0,27,1
0,0,65275.0,9,82,0,746,0,21,1
0,0,27203.0,92,76,2,64,0,6,0
0,0,48330.0,2,65,1,32,0,5,2
1,0,24279.0,6,36,0,263,0,9,0
0,0,64355.0,66,41,1,1445,0,21,1
0,0,50943.0,49,70,1,46,0,5,2
0,1,53653.0,29,73,0,1210,0,28,2
0,0,65665.0,77,50,1,945,0,24,1
0,1,81217.0,77,37,0,1157,0,22,1
0,0,34935.0,71,34,0,137,0,8,0
0,1,61250.0,49,67,1,730,0,25,2
0,0,39665.0,97,45,1,216,1,12,0
0,1,60152.0,6,47,1,943,0,23,2
0,0,48920.0,93,62,2,347,1,16,2
0,0,89120.0,78,67,0,1924,1,19,1
0,0,44124.0,62,80,1,397,0,17,2
0,1,81169.0,47,51,0,2089,0,22,1
0,0,36443.0,9,65,2,138,0,11,0
0,1,26095.0,77,36,1,42,0,5,0
0,0,71367.0,24,67,0,777,0,17,1
0,0,80184.0,19,82,0,1902,2,20,1
0,1,30630.0,67,61,2,52,0,7,0
0,1,73454.0,95,39,0,1651,1,13,1
0,0,42691.0,48,35,0,358,0,13,2
0,0,70503.0,73,73,0,1727,2,16,1
0,0,25545.0,35,39,1,210,1,10,0
0,0,32880.0,76,40,1,42,0,5,0
0,0,77863.0,20,68,0,1291,0,20,1
0,0,50353.0,72,49,0,442,0,15,2
0,1,61839.0,20,62,0,1895,0,17,2
0,0,49154.0,69,66,2,411,0,19,2
0,1,47682.0,80,51,1,521,0,19,2
0,1,72679.0,65,57,1,1168,0,17,1
0,0,57954.0,52,49,2,493,1,23,2
0,0,65316.0,65,64,2,260,0,12,1
0,1,28567.0,57,44,1,46,0,7,0
0,0,47352.0,70,75,1,319,0,16,2
0,0,44931.0,0,59,1,96,0,7,2
0,1,76982.0,19,59,0,1062,2,16,1
0,0,57247.0,50,74,1,232,0,12,2
0,1,22944.0,67,45,1,76,0,9,0
0,0,25315.0,46,49,1,54,0,9,0
0,1,43638.0,37,57,1,201,0,11,2
0,1,42710.0,38,42,1,406,0,14,2
0,0,84169.0,9,44,0,1919,3,20,1
0,0,54058.0,56,50,1,662,0,20,2
0,0,24683.0,98,36,1,41,0,8,0
0,1,85620.0,68,62,0,1600,1,14,1
0,0,47850.0,72,46,1,134,0,8,2
0,0,19514.0,47,58,2,69,2,10,0
0,0,27159.0,33,53,2,21,0,6,0
0,1,39548.0,87,63,2,54,0,7,0
0,1,21474.0,0,37,1,91,2,8,0
0,1,60504.0,73,55,1,526,0,18,2
0,0,22419.0,74,63,0,162,0,8,0
0,0,81698.0,4,77,0,1008,1,25,1
0,0,43462.0,50,74,2,240,0,16,2
0,1,54880.0,57,48,1,795,0,21,2
0,0,79908.0,30,44,0,1772,1,19,1
0,0,15315.0,27,56,0,64,0,8,0
0,0,87771.0,61,67,1,1957,5,20,1
0,0,33039.0,4,48,1,78,0,7,0
0,1,81741.0,75,46,0,1572,0,19,1
0,0,71499.0,12,55,1,795,0,26,1
0,0,62466.0,13,56,1,889,0,26,2
0,1,48799.0,9,63,1,331,0,15,2
0,0,52157.0,48,76,1,265,0,12,2
0,1,66565.0,80,64,1,1065,0,19,1
0,0,29298.0,60,75,2,11,0,4,0
0,1,47691.0,43,47,1,21,0,4,2
0,0,38200.0,19,56,2,17,0,4,0
0,0,44989.0,26,52,1,369,0,16,2
0,0,38443.0,58,58,2,38,0,6,0
0,1,38593.0,42,48,1,177,0,11,0
0,0,64413.0,27,56,1,279,0,12,1
0,0,36959.0,56,45,1,62,0,7,0
0,0,61996.0,27,49,1,1230,4,21,2
0,0,51287.0,10,58,2,182,0,11,2
0,0,13260.0,48,56,2,49,0,10,0
0,0,47472.0,39,60,2,75,0,8,2
0,0,54603.0,85,70,2,227,0,16,2
0,0,45207.0,64,52,2,215,1,15,2
0,0,40689.0,69,75,1,444,0,20,2
0,0,47821.0,54,59,2,47,0,5,2
0,0,27450.0,57,75,0,143,0,7,0
0,0,39453.0,64,43,1,55,0,7,0
0,0,26850.0,10,55,2,63,0,11,0
0,1,79800.0,65,71,0,1867,4,22,1
0,0,61794.0,74,65,1,611,0,20,2
0,0,53863.0,4,71,1,473,1,18,2
0,0,24221.0,94,67,0,55,0,6,0
0,1,39684.0,41,42,1,81,1,7,0
0,0,92163.0,25,51,0,2086,3,21,1
0,1,69882.0,94,61,0,1478,0,20,1
0,0,33178.0,9,49,1,49,0,5,0
0,0,59973.0,47,54,0,382,0,15,2
0,0,17459.0,12,51,1,69,1,9,0
0,1,23910.0,80,57,1,67,0,6,0
0,0,42169.0,20,57,2,30,0,6,2
0,0,26224.0,39,48,1,63,0,9,0
0,0,31089.0,57,45,1,79,0,10,0
0,1,30081.0,27,65,1,42,0,5,0
0,0,62807.0,83,66,1,819,0,23,2
0,1,72906.0,79,71,0,1151,0,17,1
0,0,61467.0,69,78,2,594,0,20,2
0,0,49618.0,77,60,2,129,0,11,2
0,1,21888.0,15,40,1,213,1,12,0
0,1,42429.0,99,53,1,67,0,7,2
0,1,26150.0,61,70,3,28,0,5,0
1,0,30801.0,23,51,1,45,0,6,0
0,0,81168.0,84,61,0,1193,1,18,1
0,1,26877.0,74,57,0,268,0,12,0
0,1,45006.0,90,82,0,266,0,12,2
1,0,18978.0,41,53,1,37,0,5,0
0,0,22574.0,28,59,3,37,0,7,0
0,1,48240.0,73,57,0,882,1,25,2
0,0,45837.0,88,52,2,373,0,18,2
0,1,35791.0,94,61,3,35,0,6,0
0,1,54162.0,31,48,2,42,0,5,2
0,0,30522.0,6,66,1,326,0,17,0
0,0,54456.0,23,65,1,404,0,17,2
0,1,31632.0,92,55,0,95,0,6,0
0,1,72298.0,52,77,0,939,2,14,1
0,1,36975.0,50,48,1,33,0,5,0
0,0,72635.0,54,71,0,981,1,21,1
0,0,13624.0,93,50,1,36,0,7,0
0,1,84196.0,56,51,1,1237,0,20,1
0,0,70971.0,28,66,1,1825,1,34,1
0,1,34487.0,94,49,2,103,0,9,0
0,1,28769.0,76,49,1,191,0,12,0
0,0,69084.0,43,56,1,1586,0,25,1
0,0,65488.0,46,68,0,963,0,14,1
0,0,62466.0,13,56,1,889,0,26,2
0,1,32218.0,27,66,0,93,2,7,0
0,1,83917.0,12,53,0,1587,1,21,1
0,1,46102.0,3,64,3,16,0,4,2
0,1,84574.0,72,74,0,1375,0,32,1
0,0,56181.0,6,64,1,393,0,14,2
0,1,63120.0,53,76,1,1477,1,26,2
0,0,73691.0,58,55,1,1179,1,18,1
0,0,63381.0,78,66,1,1005,0,26,2
0,0,76140.0,57,78,0,1348,0,21,1
0,1,62859.0,37,67,1,1307,0,23,2
0,1,45906.0,20,62,1,486,1,15,2
0,0,77632.0,73,79,0,2252,3,13,1
0,0,46463.0,56,55,2,235,0,17,2
0,0,105471.0,36,56,0,1724,3,30,1
0,1,55282.0,9,56,1,235,0,11,2
0,0,78710.0,42,49,1,1092,0,28,1
0,0,66886.0,28,68,1,599,0,17,1
0,1,98777.0,23,66,0,2008,1,19,1
0,0,29103.0,38,41,1,48,0,6,0
0,0,67445.0,63,52,1,1174,0,32,1
0,0,50616.0,71,76,1,67,0,7,2
0,1,49431.0,9,71,1,365,0,15,2
0,0,61278.0,87,73,1,165,0,10,2
0,0,26490.0,92,68,0,210,0,11,0
0,0,73059.0,36,79,1,1095,0,26,1
0,1,46734.0,86,60,3,223,1,12,2
0,0,56253.0,83,63,1,597,0,22,2
0,0,19986.0,74,41,1,22,0,4,0
0,1,58330.0,87,51,1,1064,0,24,2
1,0,25965.0,29,46,0,74,0,6,0
0,0,14661.0,88,70,0,26,0,5,0
0,0,18690.0,77,67,0,60,0,5,0
0,0,45068.0,25,52,1,20,0,4,2
1,1,21063.0,34,39,1,59,0,7,0
0,0,29187.0,43,58,1,34,0,5,0
0,0,54690.0,76,55,2,198,0,12,2
0,0,59304.0,81,62,1,1048,0,28,2
0,1,59247.0,87,64,2,574,0,21,2
0,1,66731.0,33,56,1,1029,0,17,1
0,0,77353.0,38,46,1,670,0,20,1
0,1,52614.0,63,51,1,990,0,16,2
0,0,26751.0,26,52,2,11,0,4,0
0,0,81300.0,17,63,1,1241,2,21,1
0,1,70337.0,75,47,0,576,0,17,1
0,0,36145.0,13,41,1,172,2,12,0
0,1,65295.0,19,46,0,664,0,20,1
0,1,68118.0,51,63,1,928,0,23,1
0,1,68743.0,81,59,0,2074,0,30,1
0,0,41039.0,32,44,0,467,0,15,2
0,0,38946.0,84,71,1,257,0,12,0
0,0,65777.0,87,59,0,1146,0,17,1
0,1,66476.0,99,50,1,689,0,20,1
0,1,86857.0,96,54,0,2114,1,22,1
0,0,77845.0,40,37,0,1346,2,21,1
0,0,69476.0,3,57,0,1044,0,15,1
0,1,50611.0,98,66,1,493,2,22,2
0,1,61209.0,73,56,0,957,0,13,2
0,0,42315.0,90,68,1,270,0,12,2
1,0,13084.0,29,74,0,29,0,5,0
0,1,47570.0,3,77,2,121,1,9,2
0,0,61923.0,94,65,2,126,0,8,2
0,1,34824.0,65,31,0,23,0,4,0
0,1,26518.0,33,77,2,57,1,8,0
0,1,45938.0,46,65,0,636,0,20,2
0,0,78468.0,29,66,0,1004,1,28,1
0,1,78901.0,99,53,1,734,0,20,1
0,0,71427.0,26,48,2,614,0,20,1
0,1,71022.0,30,48,1,1453,1,21,1
0,1,90247.0,27,38,0,1621,4,15,1
0,1,41335.0,24,58,1,187,0,12,2
0,0,71952.0,93,40,1,1443,2,22,1
0,1,35682.0,34,56,1,57,0,6,0
0,1,43185.0,88,75,1,637,0,20,2
0,0,66375.0,96,78,1,948,1,14,1
0,0,35178.0,10,55,1,59,2,5,0
0,0,25252.0,26,40,1,18,0,4,0
0,1,55250.0,49,61,1,903,0,26,2
0,1,33249.0,11,51,1,112,0,8,0
0,0,58398.0,44,73,0,596,0,20,2
0,0,50272.0,75,44,1,233,0,13,2
0,0,76618.0,64,51,0,1511,0,11,1
0,1,87305.0,19,66,0,1152,2,17,1
0,0,25851.0,45,48,1,48,0,7,0
0,1,58710.0,77,56,1,1185,0,31,2
0,1,45160.0,9,68,2,21,0,4,2
0,0,74806.0,1,61,1,965,0,16,1
0,0,59111.0,90,72,0,869,0,21,2
0,0,18988.0,43,42,1,16,0,6,0
0,0,72190.0,79,61,0,1947,0,16,1
0,0,7500.0,19,50,1,71,2,12,0
0,0,44794.0,99,60,1,65,0,6,2
0,0,80395.0,62,71,0,1380,1,24,1
0,1,75012.0,41,50,0,1027,0,23,1
0,0,56962.0,60,61,3,411,0,21,2
0,0,89891.0,17,35,0,836,1,26,1
0,1,35946.0,24,77,2,11,0,4,0
0,0,53593.0,60,73,2,480,0,23,2
0,0,66373.0,57,48,2,606,0,23,1
0,1,45072.0,74,78,3,284,0,16,2
0,1,89694.0,22,53,2,1472,3,14,1
0,0,72025.0,46,77,0,1677,4,26,1
0,0,67432.0,69,53,1,1335,0,19,1
0,0,70545.0,29,74,1,334,0,13,1
1,0,17487.0,37,37,1,18,0,4,0
0,0,62882.0,26,57,1,1338,0,20,2
0,1,64108.0,8,73,1,1099,0,30,1
0,0,34941.0,26,70,2,97,0,8,0
0,1,48767.0,79,76,3,63,0,9,2
0,0,38702.0,71,48,1,109,0,9,0
0,0,82224.0,83,62,0,902,1,21,1
0,0,83844.0,57,74,0,1574,1,20,1
0,0,17003.0,37,51,1,38,0,9,0
0,1,71163.0,30,31,0,960,0,24,1
0,1,33697.0,34,56,1,28,1,4,0
0,0,63564.0,0,72,0,1215,2,28,2
0,0,83443.0,89,54,0,1497,0,22,1
0,0,51518.0,92,68,1,449,0,17,2
0,1,58330.0,87,51,1,1064,0,24,2
0,0,80952.0,20,57,0,1757,4,25,1
0,0,75507.0,56,47,0,1440,0,21,1
0,0,63855.0,28,48,0,1006,0,24,1
0,0,62220.0,55,54,1,1226,1,23,2
0,0,58512.0,25,62,1,1171,0,20,2
0,0,40662.0,0,47,1,92,0,8,2
0,0,38829.0,86,67,1,99,0,8,0
0,0,35523.0,8,45,1,66,0,8,0
0,1,79146.0,33,59,2,564,0,19,1
0,0,78285.0,13,38,0,1427,0,21,1
0,1,31626.0,12,48,1,86,2,6,0
0,1,75127.0,92,74,0,833,0,19,1
0,0,48726.0,90,71,1,242,0,12,2
0,0,74985.0,8,49,0,1869,0,17,1
0,0,67430.0,6,39,0,1364,0,29,1
0,0,46891.0,91,61,1,183,0,8,2
0,0,62058.0,52,70,1,450,0,18,2
0,0,72063.0,3,47,1,758,0,21,1
0,0,78939.0,57,75,0,1507,0,20,1
0,1,42720.0,9,61,2,654,1,25,2
0,0,33622.0,22,54,2,81,0,9,0
0,0,6835.0,76,69,1,137,0,1,0
0,0,41452.0,86,73,2,16,0,4,2
0,1,40760.0,64,61,1,93,0,8,2
0,0,74250.0,90,68,0,1158,0,18,1
0,1,51124.0,79,71,2,43,0,6,2
0,1,72258.0,28,55,1,1525,0,22,1
0,1,71466.0,86,52,0,1230,0,19,1
0,0,36283.0,42,50,2,29,0,6,0
0,1,20587.0,39,56,1,25,0,5,0
0,0,30467.0,8,54,1,24,0,4,0
0,0,31590.0,40,54,1,38,0,5,0
1,0,20425.0,5,40,1,57,0,7,0
0,0,17144.0,96,66,2,47,0,12,0
0,1,42564.0,28,58,1,813,2,24,2
0,0,43783.0,22,48,1,629,1,22,2
0,1,40780.0,30,50,1,377,0,17,2
0,0,62847.0,45,81,0,1612,0,14,2
0,0,82017.0,58,69,0,729,4,17,1
0,1,16813.0,49,76,0,50,1,6,0
0,0,51267.0,37,48,2,270,0,15,2
0,1,46524.0,70,65,1,177,0,9,2
0,1,45183.0,33,64,0,315,1,13,2
0,0,70421.0,98,72,1,767,0,23,1
0,1,60161.0,17,61,1,1071,0,26,2
0,0,73926.0,54,53,0,1580,0,24,1
0,0,19329.0,39,58,1,60,0,10,0
0,0,61872.0,81,56,1,573,0,21,2
0,1,46984.0,71,70,2,41,0,5,2
0,0,34838.0,62,75,2,170,0,10,0
0,1,82716.0,8,82,0,1167,0,28,1
0,0,48192.0,76,68,0,1526,4,25,2
0,0,49681.0,66,50,2,458,0,21,2
0,0,56850.0,83,55,1,63,0,6,2
0,0,55267.0,28,69,1,405,0,17,2
0,0,59666.0,87,54,2,1027,1,20,2
0,1,72504.0,43,54,1,1478,0,22,1
0,0,26872.0,0,45,0,72,0,5,0
0,1,21359.0,1,54,1,48,1,7,0
0,1,73170.0,1,51,0,726,0,16,1
0,0,52750.0,72,71,1,860,0,27,2
0,0,91820.0,72,40,0,1497,0,22,1
0,0,65968.0,12,56,1,495,0,18,1
0,0,30772.0,89,50,2,20,0,4,0
0,1,22507.0,67,72,0,570,0,19,0
0,0,65685.0,54,54,1,769,0,21,1
0,0,25804.0,34,48,1,55,0,7,0
0,1,76412.0,15,46,0,1808,3,18,1
0,0,22063.0,43,54,1,55,0,7,0
0,1,57091.0,0,65,0,577,2,18,2
0,0,22419.0,74,63,0,162,0,8,0
0,0,87771.0,61,67,1,1957,5,20,1
0,1,78353.0,51,67,1,1576,0,24,1
0,0,93404.0,97,72,3,1616,2,17,1
0,1,37859.0,75,64,3,36,0,6,0
0,1,80995.0,83,68,1,1482,0,22,1
0,0,16529.0,23,42,1,22,0,5,0
0,1,55412.0,65,50,2,63,0,6,2
0,1,48789.0,94,34,0,680,0,18,2
0,0,56575.0,42,59,2,542,0,20,2
0,0,25130.0,10,46,1,50,0,7,0
0,0,35441.0,94,59,2,39,0,6,0
0,0,71391.0,50,70,1,1043,0,28,1
0,1,49494.0,46,54,1,385,0,14,2
0,1,81702.0,98,46,0,1633,0,27,1
0,1,45889.0,42,46,1,46,0,5,2
0,1,56628.0,30,49,1,761,1,20,2
0,0,34026.0,11,76,2,76,0,9,0
0,0,40049.0,61,52,1,290,0,14,0
0,1,34176.0,12,38,1,89,0,11,0
0,0,19419.0,76,45,1,70,0,11,0
0,0,82504.0,2,66,0,1066,0,17,1
0,0,81205.0,43,56,0,2009,4,19,1
0,1,61618.0,27,35,0,1345,0,19,2
0,1,55284.0,60,70,1,764,0,23,2
0,1,49980.0,79,63,1,195,0,11,2
0,0,15072.0,96,46,2,53,0,11,0
0,1,49166.0,17,52,1,368,0,13,2
0,0,65324.0,0,72,1,544,0,20,1
0,0,82347.0,38,69,0,1853,2,25,1
0,0,30843.0,43,60,2,35,1,6,0
0,0,46374.0,1,52,1,446,3,18,2
0,1,60474.0,25,47,1,1180,0,31,2
0,0,38576.0,2,53,1,41,0,5,0
0,0,55357.0,66,41,2,727,0,22,2
0,0,37758.0,49,60,2,40,0,6,0
0,0,85710.0,5,37,0,1062,1,26,1
0,0,23228.0,71,57,1,40,0,7,0
0,0,44602.0,35,57,2,292,0,17,2
0,0,7500.0,94,39,0,15,0,4,0
0,0,38683.0,80,37,1,341,0,17,0
0,1,49514.0,61,51,1,369,0,13,2
0,0,57906.0,29,53,1,401,0,17,2
0,1,43456.0,0,60,1,393,0,17,2
0,1,19485.0,80,40,2,10,0,4,0
0,0,53172.0,54,48,1,486,0,16,2
0,0,30545.0,71,47,1,69,0,7,0
0,0,70123.0,27,43,0,1727,2,17,1
0,1,62450.0,61,67,1,995,1,16,2
0,0,21675.0,55,50,1,45,0,10,0
0,1,42395.0,35,45,2,182,0,12,2
0,0,61346.0,34,48,1,989,0,23,2
0,0,80812.0,95,73,0,1677,3,18,1
0,1,42835.0,64,55,2,595,0,23,2
0,0,39922.0,30,43,1,156,0,9,0
0,1,86424.0,12,70,0,1226,0,28,1
0,0,17117.0,96,48,1,128,0,11,0
0,1,24762.0,16,54,1,86,2,9,0
0,0,35797.0,16,51,1,68,0,7,0
0,1,36627.0,78,51,2,16,0,4,0
0,0,51111.0,83,45,2,55,0,7,2
0,1,86857.0,96,54,0,2114,1,22,1
0,0,82072.0,67,56,0,2018,0,19,1
0,1,46231.0,87,73,3,263,0,15,2
0,0,42243.0,34,67,2,55,0,7,2
0,0,51195.0,46,64,2,564,0,24,2
0,1,68092.0,7,48,0,1281,0,20,1
0,0,31814.0,73,53,1,83,1,7,0
0,1,51390.0,54,61,2,353,0,18,2
0,0,76630.0,93,43,0,1003,0,25,1
1,1,26868.0,52,35,1,14,0,4,0
0,1,48948.0,53,83,0,902,2,24,2
0,1,55260.0,81,54,1,1139,0,25,2
0,0,64090.0,8,70,1,797,1,20,1
0,1,78331.0,97,68,1,1638,0,25,1
0,0,37087.0,50,52,1,401,0,17,0
0,1,21846.0,38,40,1,84,0,11,0
0,0,81320.0,61,68,0,928,0,18,1
0,1,54137.0,46,56,1,203,0,11,2
0,0,66825.0,73,59,0,858,0,16,1
0,0,57100.0,19,53,0,409,0,13,2
0,0,58917.0,10,57,3,282,0,16,2
0,1,85072.0,94,49,0,1423,0,18,1
0,1,86429.0,10,65,0,1449,2,18,1
0,1,45684.0,37,55,1,28,0,4,2
0,0,47889.0,94,52,1,67,0,6,2
0,0,45921.0,23,40,0,199,0,10,2
0,1,78420.0,75,60,0,1453,0,22,1
0,0,75114.0,40,34,0,1253,0,19,1
0,1,52278.0,24,63,1,1198,1,31,2
0,0,35641.0,11,54,1,178,1,10,0
0,1,95529.0,29,32,0,1990,2,18,1
0,0,62820.0,51,72,0,976,0,14,2
0,0,73113.0,86,66,0,1001,0,15,1
0,0,84169.0,9,44,0,1919,3,20,1
0,1,42607.0,30,72,1,350,0,14,2
0,1,74637.0,73,72,0,1650,1,25,1
0,0,46015.0,25,71,2,46,2,5,2
0,1,72354.0,67,33,0,1228,0,19,1
0,1,39858.0,67,57,1,95,1,7,0
0,0,34469.0,58,78,2,62,0,9,0
0,0,83033.0,82,40,1,1761,1,26,1
0,0,24401.0,98,47,0,467,0,16,0
0,0,77583.0,93,48,0,1149,1,19,1
0,1,74116.0,53,44,0,2052,1,19,1
0,1,74293.0,66,33,0,1127,0,16,1
0,0,68397.0,6,50,1,1416,0,21,1
0,0,79632.0,42,52,0,1113,0,20,1
0,1,46107.0,78,37,1,125,0,7,2
0,1,64950.0,29,75,1,966,1,25,1
1,0,25443.0,82,37,1,32,0,5,0
0,1,75127.0,92,74,0,833,0,19,1
0,0,32892.0,78,55,1,46,0,8,0
0,0,71796.0,54,55,0,960,0,17,1
0,0,67536.0,45,56,1,1829,1,30,1
0,1,55239.0,59,55,1,779,0,26,2
0,1,60554.0,8,51,1,811,0,23,2
0,1,64831.0,51,74,2,1120,0,22,1
0,0,56067.0,51,64,1,725,0,20,2
0,1,82025.0,76,43,0,1187,2,12,1
0,0,94384.0,62,73,0,2302,4,18,1
1,1,14906.0,86,40,0,66,0,9,0
0,0,51563.0,60,39,0,1250,2,19,2
0,0,57937.0,56,44,1,683,0,20,2
0,1,68274.0,83,47,2,305,0,13,1
0,0,39771.0,92,49,1,50,0,6,0
0,1,67893.0,31,51,1,995,0,16,1
0,0,27922.0,80,47,1,41,0,6,0
0,0,52190.0,39,50,2,77,1,9,2
0,1,44051.0,20,53,2,171,1,12,2
0,1,42767.0,53,55,2,131,0,7,2
0,0,46106.0,84,50,2,54,0,5,2
0,0,16927.0,50,50,2,53,0,12,0
0,0,59754.0,96,61,1,475,1,16,2
0,1,53700.0,94,74,1,694,0,22,2
0,0,59041.0,25,53,2,96,0,8,2
0,1,54237.0,48,69,1,361,0,16,2
0,1,70647.0,65,59,1,1079,0,26,1
0,1,52597.0,69,64,1,578,0,20,2
0,0,41021.0,12,57,1,64,1,7,2
0,0,40233.0,84,51,1,149,0,13,2
0,0,50183.0,47,46,2,231,0,17,2
0,0,54753.0,87,67,1,728,0,21,2
0,0,92955.0,35,53,0,1778,3,23,1
0,0,33471.0,47,53,1,93,0,10,0
0,0,34596.0,48,52,1,23,1,4,0
0,0,44010.0,46,46,1,662,0,24,2
0,0,84219.0,27,38,0,1198,0,18,1
0,0,40706.0,37,58,3,81,0,11,2
0,0,15716.0,8,38,1,92,0,10,0
0,1,59052.0,29,67,1,491,0,18,2
0,0,80573.0,85,55,0,1564,0,24,1
0,0,83715.0,2,64,0,926,0,24,1
0,0,82576.0,66,67,0,1910,1,19,1
0,0,56962.0,60,61,3,411,0,21,2
0,0,35704.0,54,74,2,94,0,9,0
0,0,53103.0,70,72,1,1085,1,28,2
0,1,46779.0,55,66,2,23,0,4,2
0,1,4861.0,20,61,0,6,0,0,0
0,1,33462.0,78,47,1,54,0,6,0
0,1,63693.0,63,48,1,1150,0,29,2
0,0,80763.0,17,76,0,1415,3,23,1
0,0,65352.0,43,52,1,405,0,16,1
0,0,82170.0,13,48,0,1908,0,19,1
0,0,75759.0,46,57,0,2486,4,26,1
0,1,79689.0,65,50,0,1315,0,27,1
0,1,35340.0,1,70,2,45,0,7,0
0,1,85683.0,6,72,0,1789,5,17,1
0,0,24884.0,32,54,1,19,0,4,0
0,0,42021.0,34,45,1,573,1,22,2
0,1,64449.0,70,37,1,805,0,24,1
0,1,64587.0,49,72,2,108,0,8,1
0,1,34824.0,65,31,0,23,0,4,0
0,0,75437.0,25,48,0,1493,1,23,1
0,0,26091.0,84,69,2,89,0,9,0
0,0,52845.0,7,53,1,936,1,25,2
0,1,46086.0,34,70,1,343,0,16,2
0,1,78028.0,38,70,1,528,3,20,1
0,1,95169.0,1,39,0,1901,3,12,1
0,0,56337.0,25,45,2,724,3,22,2
0,0,22434.0,25,39,1,58,0,7,0
0,0,36930.0,50,72,1,297,0,16,0
0,1,36130.0,46,72,1,488,2,21,0
0,0,65569.0,96,73,1,859,0,23,1
0,0,83844.0,57,74,0,1574,1,20,1
0,0,19514.0,47,58,2,69,1,10,0
0,1,36736.0,52,63,2,17,0,4,0
0,0,77568.0,30,47,1,2194,3,21,1
0,0,49187.0,63,50,1,116,0,8,2
0,1,30168.0,51,48,1,279,0,18,0
0,0,34053.0,14,58,1,103,0,7,0
0,0,38196.0,20,55,2,44,0,9,0
0,0,59412.0,56,75,0,406,0,15,2
0,0,70924.0,41,61,0,1363,1,20,1
0,0,54165.0,72,57,0,236,0,11,2
0,0,32300.0,1,53,1,39,0,5,0
0,1,20180.0,27,50,0,137,0,8,0
0,0,34961.0,77,53,1,79,0,10,0
0,0,28440.0,87,52,1,63,0,6,0
0,0,64504.0,81,73,3,1314,1,25,1
0,0,33564.0,51,60,1,71,0,6,0
0,0,17345.0,79,48,1,58,0,7,0
0,0,56320.0,11,59,1,702,0,21,2
0,1,28647.0,54,48,1,94,2,7,0
1,1,15038.0,93,39,1,80,0,7,0
0,1,32173.0,0,68,1,22,0,5,0
0,0,68316.0,54,62,1,1211,0,32,1
0,0,74538.0,21,55,0,1461,2,22,1
0,1,91700.0,58,55,0,1968,1,20,1
0,0,68695.0,3,57,0,1091,0,16,1
0,0,31056.0,99,49,1,55,0,5,0
0,0,79593.0,70,53,0,1366,1,19,1
0,1,28071.0,65,46,0,313,0,13,0
0,0,37334.0,44,68,2,62,0,11,0
0,1,46423.0,6,54,2,92,0,9,2
0,0,37126.0,9,55,1,72,2,6,0
0,0,47703.0,95,73,1,655,0,21,2
0,0,61180.0,70,67,1,704,1,18,2
0,0,38998.0,92,72,2,54,0,8,0
0,1,8028.0,62,35,0,178,0,16,0
0,0,76081.0,85,64,0,1033,1,14,1
0,0,34728.0,2,40,1,36,1,5,0
0,1,33168.0,0,61,1,122,0,10,0
0,0,33585.0,91,60,1,122,0,7,0
0,0,77037.0,3,66,1,1123,0,27,1
0,0,35196.0,68,42,1,497,1,18,0
0,0,44529.0,98,60,1,691,1,25,2
0,0,70924.0,41,61,0,1363,1,20,1
0,0,28764.0,16,60,2,12,1,4,0
0,0,69098.0,82,77,0,2440,0,25,1
0,1,25959.0,1,56,2,56,1,7,0
0,0,27100.0,64,43,1,37,0,5,0
0,1,70596.0,68,41,0,968,0,21,1
0,0,42557.0,98,52,1,270,0,15,2
0,0,53312.0,32,75,0,278,0,12,2
0,1,72228.0,87,74,0,1250,0,22,1
0,0,67605.0,84,39,0,938,0,17,1
0,0,62845.0,3,77,2,1178,1,28,2
0,0,65196.0,34,68,2,1155,1,26,1
0,1,42000.0,23,39,0,653,1,20,2
0,1,35860.0,37,53,2,49,1,6,0
0,0,65526.0,22,62,1,506,0,17,1
0,0,16860.0,19,65,2,38,0,8,0
0,1,83528.0,7,34,0,1650,3,23,1
0,1,64176.0,52,61,1,1826,0,33,1
0,1,22304.0,91,70,0,18,0,4,0
0,0,67023.0,93,48,0,906,0,24,1
0,0,32892.0,78,55,1,46,0,8,0
0,0,70713.0,23,60,1,1477,0,25,1
0,0,59925.0,83,71,1,766,0,23,2
0,0,39722.0,92,73,1,47,0,7,0
0,0,46610.0,4,68,0,467,0,14,2
0,0,88347.0,32,65,0,2116,1,21,1
0,0,87171.0,27,45,0,1298,2,25,1
0,0,26907.0,10,50,2,22,0,6,0
0,1,50014.0,9,58,1,396,0,15,2
0,0,41014.0,65,48,1,20,0,4,2
0,1,66294.0,68,61,0,967,0,13,1
0,0,36715.0,16,55,1,357,1,19,0
0,0,79456.0,12,70,0,1401,1,16,1
0,0,40479.0,95,44,1,15,0,4,2
0,1,75345.0,16,56,0,2087,2,20,1
0,0,54233.0,46,49,1,981,0,26,2
0,1,24163.0,3,56,2,17,0,6,0
0,0,84460.0,80,68,0,523,5,22,1
0,0,43776.0,77,43,1,23,0,4,2
0,1,71691.0,0,68,0,1192,1,17,1
0,0,85844.0,62,53,0,1958,1,20,1
0,1,39190.0,91,52,1,133,0,9,0
0,0,71367.0,24,67,0,777,0,17,1
0,1,38578.0,2,54,2,73,0,9,0
0,0,57236.0,22,61,2,121,0,10,2
0,1,61825.0,56,47,1,424,0,15,2
0,1,79803.0,54,68,1,868,0,13,1
0,1,80910.0,71,40,0,756,0,15,1
0,0,27590.0,38,44,1,12,0,4,0
0,0,56775.0,62,47,1,937,0,25,2
0,1,83829.0,78,51,0,1862,4,17,1
0,0,54210.0,18,47,1,367,0,14,2
0,0,38508.0,95,40,1,443,0,20,0
0,0,53187.0,66,56,1,267,0,13,2
0,0,30023.0,28,54,1,61,0,6,0
0,1,76045.0,78,66,0,1323,1,21,1
0,0,50870.0,13,74,1,63,0,6,2
0,0,15315.0,27,56,0,64,0,8,0
0,0,65463.0,17,52,1,562,1,19,1
0,0,66480.0,71,61,2,312,0,19,1
0,1,76773.0,79,72,0,1156,0,16,1
0,1,81698.0,1,43,0,1104,2,16,1
0,1,54466.0,78,53,2,16,0,4,2
0,1,98777.0,23,66,0,2008,1,19,1
0,1,16269.0,75,42,1,44,0,9,0
0,0,71819.0,70,55,1,1574,2,14,1
0,0,33569.0,10,43,1,63,2,5,0
0,0,36262.0,24,43,0,426,2,12,0
1,0,22634.0,47,60,0,96,0,6,0
0,0,47025.0,98,48,1,635,0,23,2
0,1,70566.0,4,58,1,757,0,22,1
0,0,31605.0,15,47,1,125,0,9,0
0,1,52034.0,67,53,2,332,0,16,2
0,1,48526.0,32,47,1,135,0,8,2
0,0,46734.0,40,72,1,330,0,14,2
0,1,39552.0,54,64,2,384,1,20,0
0,1,86358.0,78,60,2,1722,0,18,1
0,0,46931.0,94,49,3,78,0,7,2
1,1,16581.0,51,41,0,24,0,4,0
0,1,63998.0,42,74,0,1168,1,25,1
0,0,67381.0,67,75,1,957,1,17,1
0,1,25930.0,87,59,2,15,0,4,0
0,0,42693.0,29,48,1,57,0,5,2
0,0,85606.0,89,50,1,1956,1,24,1
0,1,72903.0,74,41,0,2013,4,21,1
0,0,49669.0,97,52,1,326,0,14,2
0,0,36778.0,63,58,2,77,0,9,0
0,1,85696.0,88,64,0,1313,1,20,1
0,1,10979.0,34,37,0,30,0,8,0
0,0,49678.0,81,65,1,315,0,14,2
0,0,56129.0,65,73,1,660,0,22,2
0,0,37155.0,51,37,1,74,0,7,0
0,1,21282.0,76,48,1,46,0,7,0
0,1,33419.0,76,64,1,86,0,8,0
0,1,63285.0,84,81,0,1103,0,25,2
0,0,21255.0,56,52,1,61,0,11,0
0,0,42162.0,31,45,1,145,2,9,2
0,0,54450.0,0,70,2,684,0,31,2
0,0,57744.0,91,72,1,411,0,16,2
0,1,26576.0,40,40,1,27,2,4,0
0,1,57513.0,59,83,0,1060,0,27,2
0,0,68142.0,96,62,1,1459,0,24,1
0,0,7500.0,61,47,1,18,0,4,0
0,0,83145.0,14,52,0,1833,2,26,1
0,0,54197.0,16,66,1,237,0,12,2
0,1,23091.0,98,63,2,48,0,10,0
0,0,46049.0,11,50,2,515,1,26,2
0,0,56715.0,52,52,0,1020,0,15,2
0,0,79410.0,19,65,0,1370,0,11,1
0,0,57304.0,61,75,1,1026,0,25,2
0,0,44375.0,73,61,1,301,0,12,2
0,0,54450.0,0,70,2,684,0,31,2
0,0,59594.0,74,61,1,499,1,17,2
0,0,80685.0,55,32,0,1004,0,21,1
0,0,40344.0,48,52,1,218,0,12,2
0,0,62710.0,53,54,1,606,0,22,2
0,0,48985.0,13,58,1,75,0,6,2
0,0,35322.0,34,58,3,106,0,9,0
0,0,77142.0,54,78,0,990,0,17,1
0,1,81657.0,69,57,0,1097,0,16,1
1,0,14421.0,81,30,0,16,1,4,0
0,0,20130.0,99,52,0,34,0,5,0
0,0,74214.0,3,36,0,1711,0,16,1
0,0,66726.0,61,69,2,438,1,17,1
1,0,23724.0,65,47,1,75,0,7,0
0,0,47353.0,93,66,1,225,0,13,2
0,0,33444.0,24,74,2,18,0,4,0
0,0,54386.0,8,45,1,470,0,17,2
0,1,28510.0,72,45,2,91,0,9,0
0,1,90638.0,29,35,0,2525,1,18,1
0,0,48070.0,33,76,1,504,0,19,2
0,0,43140.0,68,69,1,235,0,11,2
0,1,54959.0,55,65,1,1232,2,21,2
1,1,15056.0,76,68,2,88,0,12,0
0,1,26954.0,17,55,1,17,0,4,0
0,1,22327.0,94,41,1,24,0,5,0
0,0,44393.0,86,61,2,60,0,7,2
0,1,62000.0,25,74,1,1020,1,26,2
0,0,31497.0,22,64,1,155,0,10,0
0,0,45894.0,15,52,2,51,0,5,2
0,1,78579.0,35,56,0,1812,1,16,1
0,1,67369.0,81,57,1,1461,3,25,1
0,1,58401.0,55,66,1,96,0,6,2
0,1,62307.0,94,74,1,160,0,9,2
0,0,43641.0,50,57,2,139,0,10,2
0,1,63841.0,64,58,1,908,0,22,1
0,0,46891.0,91,61,1,183,0,8,2
0,0,70091.0,11,57,1,1161,1,19,1
0,0,78075.0,72,54,0,988,0,14,1
0,1,59184.0,6,65,1,1072,0,27,2
0,0,54809.0,0,49,2,174,0,12,2
0,0,58113.0,66,67,1,758,0,22,2
0,0,51412.0,42,68,1,195,0,11,2
0,1,15287.0,60,47,1,31,2,6,0
0,0,66636.0,64,69,0,1084,0,17,1
0,0,50965.0,87,70,1,685,1,22,2
0,0,84618.0,96,61,0,1672,1,26,1
0,0,18351.0,1,36,0,43,0,6,0
0,0,40451.0,54,69,2,49,1,5,2
0,0,36317.0,53,61,1,133,0,9,0
0,0,42213.0,96,69,1,363,1,15,2
0,0,65748.0,58,71,1,545,0,18,1
0,0,77044.0,12,54,1,1065,1,31,1
0,0,74918.0,78,57,0,2047,1,21,1
0,0,56721.0,64,54,2,296,0,15,2
0,1,42160.0,26,51,2,140,1,11,2
0,1,61559.0,8,61,1,530,0,17,2
0,0,33629.0,49,63,2,152,0,13,0
0,0,68682.0,56,35,0,1598,0,24,1
0,1,34377.0,55,63,1,114,0,8,0
1,1,8940.0,25,40,1,101,0,10,0
0,0,26228.0,50,53,1,25,0,4,0
0,1,77297.0,84,69,0,789,1,22,1
0,0,40211.0,30,45,2,87,1,7,2
0,1,33438.0,81,68,2,90,0,11,0
0,0,75032.0,74,67,1,1215,0,20,1
0,1,61284.0,76,71,0,811,1,22,2
0,0,22518.0,36,40,1,61,2,7,0
0,0,54730.0,64,51,1,405,0,18,2
0,0,38452.0,62,71,2,72,0,9,0
0,1,44421.0,53,55,2,189,0,14,2
0,0,38197.0,86,40,1,40,0,5,0
0,1,41986.0,15,48,1,63,0,10,2
0,0,28427.0,67,43,1,52,0,7,0
0,0,37395.0,47,50,1,39,0,5,0
0,0,64722.0,47,55,1,805,0,25,1
0,0,55249.0,81,70,1,130,0,8,2
0,0,84906.0,98,54,0,1631,3,24,1
0,0,28691.0,56,37,1,34,0,5,0
0,1,44213.0,48,74,2,152,0,12,2
1,1,25707.0,18,42,1,21,0,5,0
0,0,59062.0,74,59,3,71,0,7,2
0,1,76624.0,68,64,1,899,1,23,1
0,0,66000.0,36,79,0,711,0,10,1
0,0,27683.0,90,48,1,351,0,16,0
0,1,1730.0,65,55,0,8,0,15,0
1,1,7500.0,63,34,1,119,0,11,0
0,0,40521.0,82,58,2,21,0,4,2
0,0,20427.0,63,53,1,10,0,4,0
0,0,65106.0,55,51,1,973,1,27,1
0,0,69969.0,64,61,0,1536,3,13,1
0,0,67433.0,51,74,2,992,1,28,1
0,0,77766.0,97,59,1,1529,2,34,1
0,0,74716.0,92,54,1,860,0,17,1
0,1,68118.0,51,63,1,928,0,23,1
0,0,55158.0,72,56,2,418,1,18,2
0,0,62972.0,39,71,1,587,1,16,2
0,0,74190.0,49,51,1,641,0,19,1
0,0,39356.0,21,50,2,23,1,4,0
0,0,76653.0,91,57,0,2279,2,23,1
0,1,35860.0,37,53,2,49,1,6,0
0,1,90687.0,98,43,0,1779,2,17,1
0,0,73450.0,85,44,0,1804,2,27,1
0,0,31454.0,40,66,2,48,0,8,0
0,1,47139.0,2,74,2,83,1,7,2
0,1,83829.0,78,51,0,1862,4,17,1
0,0,53378.0,41,63,2,793,1,29,2
0,0,19656.0,94,56,1,84,0,9,0
0,0,45579.0,10,78,1,183,0,10,2
0,1,85485.0,73,68,0,1383,0,19,1
0,0,55956.0,22,82,0,999,1,16,2
0,1,64191.0,30,63,1,825,0,24,1
0,1,38808.0,21,54,1,246,2,14,0
0,0,57183.0,51,60,2,610,0,25,2
0,1,23748.0,97,58,1,76,0,9,0
0,0,66303.0,56,55,1,1286,1,22,1
0,0,37368.0,4,51,1,30,1,4,0
0,0,40800.0,77,62,3,99,0,8,2
0,1,71847.0,95,48,0,1192,1,22,1
0,0,46149.0,36,51,1,362,0,18,2
0,0,78687.0,13,43,0,2130,2,19,1
0,1,49118.0,90,55,0,1229,3,28,2
0,0,37633.0,49,69,2,38,0,6,0
0,0,39767.0,18,75,0,485,0,17,0
1,0,26997.0,89,75,0,434,0,13,0
0,1,33986.0,43,56,1,44,0,5,0
0,0,57091.0,82,54,1,496,2,18,2
0,0,46831.0,84,57,2,78,0,7,2
0,0,83151.0,80,54,0,2346,4,23,1
0,0,52531.0,68,55,0,794,0,21,2
0,0,15759.0,12,70,0,17,0,4,0
0,1,22804.0,75,55,1,26,0,5,0
0,0,43050.0,10,53,1,76,0,8,2
0,1,42997.0,91,49,2,15,0,4,2
0,1,48918.0,21,63,2,62,0,7,2
0,0,60033.0,28,72,1,198,0,10,2
0,0,34043.0,97,48,1,49,0,5,0
0,0,57811.0,49,60,1,802,1,25,2
0,0,78569.0,14,80,0,1736,2,15,1
0,1,7500.0,5,48,2,57,0,10,0
0,0,94384.0,62,73,0,2302,4,18,1
0,0,23148.0,83,41,0,37,0,6,0
0,1,44267.0,48,56,2,310,0,16,2
0,0,71626.0,94,47,0,1305,1,19,1
0,0,60894.0,61,60,1,832,0,26,2
0,0,50200.0,70,50,2,401,0,19,2
0,0,81051.0,43,61,0,1501,2,23,1
0,0,65169.0,23,44,0,1189,5,28,1
0,0,59868.0,37,54,1,1194,0,32,2
0,0,65695.0,50,66,1,656,0,21,1
0,1,64857.0,78,70,0,1540,0,23,1
0,0,45143.0,74,61,1,311,0,15,2
0,0,74805.0,14,71,1,820,0,26,1
0,0,59060.0,77,37,1,274,0,14,2
0,1,27238.0,39,64,2,57,0,9,0
0,0,47009.0,89,61,1,448,0,17,2
0,0,46094.0,62,53,2,44,0,5,2
0,0,40321.0,59,54,2,102,0,8,2
0,0,37235.0,68,42,1,61,0,5,0
0,0,81843.0,13,66,0,1643,0,27,1
0,0,46692.0,37,68,1,397,0,15,2
0,0,77382.0,36,58,1,1121,1,26,1
0,1,37774.0,28,49,2,473,2,16,0
1,0,18393.0,2,52,1,50,0,8,0
0,0,72828.0,17,64,1,1678,0,28,1
0,0,24711.0,86,44,0,58,0,7,0
0,0,45503.0,54,51,1,170,0,9,2
0,1,6560.0,2,44,0,373,0,2,0
0,0,71604.0,3,81,0,1196,2,17,1
0,0,27244.0,84,47,1,101,0,8,0
0,0,48752.0,8,57,2,316,1,17,2
0,0,71434.0,4,64,1,1400,2,21,1
0,1,90842.0,57,78,0,1424,0,27,1
0,0,88097.0,24,48,1,844,4,20,1
0,0,51948.0,51,51,1,311,0,13,2
0,0,71853.0,29,44,0,1149,0,17,1
0,0,35876.0,13,43,0,129,0,8,0
0,1,40049.0,23,74,1,32,0,5,0
0,1,39660.0,36,44,1,299,1,14,0
0,0,50127.0,88,64,1,320,1,13,2
0,0,43263.0,2,49,1,441,0,16,2
0,0,62845.0,3,77,2,1178,2,28,2
0,0,18929.0,15,36,0,85,0,6,0
1,1,24367.0,58,44,1,24,0,4,0
0,1,33249.0,11,51,1,112,0,8,0
0,0,26887.0,27,67,1,30,0,5,0
0,0,50150.0,32,43,0,410,0,16,2
0,0,62061.0,12,50,1,800,1,24,2
0,1,85696.0,88,64,0,1313,1,20,1
0,0,76542.0,91,70,0,1483,0,23,1
0,1,70515.0,12,33,0,1258,1,17,1
0,0,18227.0,21,39,1,28,0,4,0
0,0,69139.0,23,61,1,227,0,11,1
0,0,69109.0,10,44,0,1555,2,20,1
0,1,69627.0,35,64,1,861,0,23,1
0,0,38136.0,69,48,1,103,1,8,0
0,1,62159.0,68,80,0,634,0,19,2
0,1,80695.0,85,63,0,1918,0,19,1
0,1,33316.0,34,55,2,131,0,10,0
0,0,58554.0,55,58,2,586,0,22,2
1,0,17256.0,10,34,1,62,1,7,0
0,1,53034.0,30,52,2,447,0,22,2
0,0,52203.0,36,76,0,939,0,27,2
0,1,59601.0,14,49,1,797,1,15,2
0,1,75154.0,79,68,1,1143,1,16,1
0,1,47025.0,52,50,1,415,0,17,2
0,0,37971.0,97,53,1,30,0,5,0
0,1,41335.0,24,58,1,187,0,12,2
0,0,67267.0,0,68,1,251,0,11,1
0,1,57338.0,96,51,1,237,0,12,2
0,0,50523.0,89,66,2,91,0,8,2
0,1,35791.0,94,61,3,35,0,6,0
0,1,50611.0,98,66,1,493,1,22,2
0,0,56242.0,72,57,1,971,0,28,2
0,1,48904.0,1,66,1,371,0,17,2
0,1,56243.0,26,51,3,396,0,20,2
0,0,21355.0,5,41,1,68,2,7,0
0,0,57420.0,22,55,1,322,1,15,2
0,0,52247.25135379061,39,56,1,317,0,14,2
0,1,46390.0,56,71,1,222,0,10,2
0,0,54342.0,74,70,2,177,0,12,2
0,0,52247.25135379061,87,68,2,45,0,5,2
0,1,52247.25135379061,49,62,2,21,0,4,2
0,0,20895.0,24,53,1,45,0,6,0
0,0,92344.0,9,78,0,1899,2,20,1
0,0,52247.25135379061,17,54,1,42,0,5,2
0,0,26907.0,10,50,2,22,0,6,0
0,0,44964.0,35,46,2,41,0,5,2
0,0,75507.0,56,47,0,1440,0,21,1
0,0,53761.0,7,54,2,325,0,17,2
0,0,22682.0,51,53,1,95,0,10,0
0,0,38887.0,17,54,1,42,0,5,0
0,1,41658.0,30,51,2,72,0,6,2
0,0,29791.0,21,54,1,20,0,7,0
0,0,63915.0,2,70,2,789,0,23,1
0,1,39996.0,85,52,2,15,0,4,0
0,1,26759.0,65,54,1,59,0,8,0
0,1,63841.0,64,58,1,908,0,22,1
0,0,51039.0,11,57,2,417,0,14,2
0,0,60544.0,92,65,2,289,0,15,2
0,0,65685.0,54,54,1,769,0,21,1
0,0,37716.0,4,73,1,188,0,10,0
0,1,36864.0,53,69,1,354,1,14,0
0,0,44511.0,39,56,1,727,0,26,2
0,0,36947.0,49,59,2,146,0,11,0
0,0,47352.0,70,75,1,319,0,16,2
0,0,67087.0,40,73,1,794,0,22,1
0,0,57045.0,40,76,1,454,0,18,2
0,1,36957.0,43,73,2,152,1,11,0
0,0,69389.0,17,49,1,797,0,22,1
0,0,80134.0,40,54,1,1690,4,16,1
0,0,43142.0,84,57,2,20,0,4,2
0,0,80589.0,25,82,0,1428,2,21,1
0,1,34412.0,62,36,1,209,0,11,0
0,1,57537.0,83,47,1,545,0,19,2
1,0,22634.0,47,60,0,96,0,6,0
0,0,51315.0,45,78,0,222,0,10,2
0,0,36026.0,34,54,3,61,0,7,0
0,0,24639.0,3,53,2,44,0,9,0
0,0,34578.0,1,54,3,8,0,4,0
0,1,65704.0,18,54,0,817,0,23,1
0,1,63810.0,45,60,1,1371,1,23,1
0,0,54132.0,81,57,1,42,0,5,2
0,0,18690.0,77,67,0,60,0,5,0
0,0,28164.0,23,56,1,78,0,9,0
0,0,34596.0,48,52,1,23,0,4,0
0,0,43269.0,61,54,1,19,0,4,2
0,1,38741.0,60,68,2,61,0,7,0
0,1,31907.0,75,54,0,449,0,14,0
0,0,27100.0,64,43,1,37,0,5,0
0,1,31163.0,54,53,1,38,0,5,0
0,0,92533.0,84,41,0,1131,2,23,1
0,1,34853.0,75,53,2,34,0,7,0
0,1,70844.0,16,59,2,294,0,17,1
0,0,31086.0,79,47,2,48,1,6,0
0,0,60544.0,92,65,2,289,0,15,2
0,0,20491.0,16,40,0,30,0,4,0
0,0,42523.0,96,62,0,125,0,7,2
0,0,39922.0,30,43,1,156,0,9,0
0,0,33402.0,60,74,2,70,0,9,0
0,0,36408.0,11,77,2,22,0,4,0
0,0,21645.0,75,47,1,65,1,9,0
0,1,78427.0,36,78,0,1930,2,23,1
0,0,82657.0,71,80,0,2283,2,23,1
0,0,51876.0,88,68,0,310,0,13,2
0,0,78041.0,93,55,0,1319,0,18,1
0,0,52852.0,93,69,1,879,1,26,2
0,0,70038.0,54,44,0,1244,0,17,1
0,0,69401.0,41,53,1,690,0,17,1
0,0,46053.0,46,54,1,209,0,12,2
0,0,77343.0,28,61,0,1134,0,17,1
0,1,73892.0,40,73,0,1507,1,23,1
0,1,40304.0,82,59,1,57,0,6,2
0,0,32727.0,38,61,0,529,0,17,0
0,0,68695.0,3,57,0,1091,0,16,1
0,1,43300.0,87,55,1,180,1,11,2
0,0,26290.0,49,54,2,77,0,10,0
0,1,93790.0,16,56,0,2349,4,25,1
0,0,38410.0,65,52,0,534,1,18,0
0,1,64866.0,9,76,1,556,1,21,1
0,0,57957.0,24,67,1,637,0,25,2
0,0,46015.0,25,71,2,46,2,5,2
0,0,16531.0,43,48,1,44,0,9,0
0,0,28072.0,10,40,1,47,0,5,0
0,1,49476.0,29,63,1,795,0,22,2
0,0,50725.0,45,73,1,586,0,21,2
0,0,83844.0,57,74,0,1574,1,20,1
0,0,41145.0,20,76,2,13,0,4,2
0,0,67419.0,29,56,1,1471,0,25,1
0,0,23162.0,82,56,2,65,0,8,0
0,0,34380.0,68,49,1,175,0,12,0
0,1,34704.0,65,60,1,40,0,5,0
0,0,94871.0,99,57,2,1078,3,18,1
0,0,65148.0,9,68,1,1115,0,21,1
0,0,39898.0,20,72,1,134,0,9,0
0,1,64857.0,78,70,0,1540,0,23,1
0,0,59892.0,26,56,1,87,0,7,2
0,1,41020.0,68,39,0,217,0,10,2
0,0,57072.0,79,65,1,1034,1,27,2
0,1,60474.0,25,47,1,1180,0,31,2
0,0,62807.0,83,66,1,819,0,23,2
0,0,19414.0,32,45,1,32,0,5,0
0,0,19107.0,49,46,1,46,0,6,0
0,0,75484.0,50,50,1,1159,0,18,1
0,1,70379.0,84,50,1,860,0,25,1
0,0,79419.0,96,56,0,1631,0,15,1
0,0,64014.0,56,80,3,444,1,22,1
0,0,76998.0,85,71,1,1910,1,29,1
0,0,49854.0,63,54,1,380,0,18,2
0,0,60585.0,17,55,2,736,1,30,2
0,1,42873.0,11,76,2,269,0,15,2
0,0,87679.0,62,38,0,2524,4,29,1
0,0,57867.0,48,48,1,612,0,25,2
0,0,35765.0,86,36,1,75,0,8,0
0,0,65492.0,73,67,0,1045,0,26,1
0,1,32952.0,36,49,1,55,0,6,0
0,0,53374.0,34,57,1,1064,2,21,2
0,0,71706.0,16,67,1,1443,0,25,1
0,0,68487.0,48,38,0,1366,0,30,1
0,0,53253.0,61,51,2,436,0,19,2
0,1,31163.0,54,53,1,38,0,5,0
0,0,42014.0,56,49,1,436,1,20,2
0,0,54108.0,74,53,2,747,0,32,2
0,1,49667.0,35,71,0,1396,2,22,2
0,0,63206.0,65,52,0,928,1,14,2
0,0,57136.0,48,54,2,642,0,26,2
0,0,46772.0,88,51,1,1048,1,30,2
0,0,78931.0,19,55,0,943,0,24,1
0,0,53977.0,21,68,1,907,0,27,2
0,0,84219.0,27,38,0,1198,0,18,1
0,1,46098.0,86,51,2,120,0,11,2
0,0,73538.0,92,61,1,1658,0,26,1
0,0,79529.0,1,40,0,1638,0,22,1
0,0,20981.0,14,49,0,73,1,7,0
0,1,51766.0,74,46,1,275,0,12,2
0,0,55759.0,84,64,1,854,0,26,2
0,0,33039.0,4,48,1,78,0,7,0
0,0,37787.0,50,54,1,106,0,7,0
0,1,27242.0,2,56,1,106,1,7,0
0,1,87188.0,73,43,0,1923,1,19,1
0,0,69930.0,21,55,0,1662,0,22,1
0,1,37697.0,82,50,1,84,0,7,0
0,0,37401.0,14,53,1,48,0,7,0
0,1,3502.0,56,53,1,5,0,0,0
0,0,58597.0,20,50,2,733,0,32,2
0,1,82032.0,54,78,0,1234,0,17,1
0,0,28087.0,77,68,2,112,0,9,0
0,1,74004.0,5,39,0,1658,3,15,1
0,0,19740.0,65,66,1,55,0,7,0
0,0,57036.0,33,51,1,1513,1,26,2
0,0,53083.0,65,68,2,271,1,17,2
0,0,69283.0,41,51,1,904,0,27,1
0,1,46098.0,86,51,2,120,1,11,2
0,0,23331.0,92,38,1,103,0,8,0
0,1,23331.0,97,38,1,269,0,17,0
0,1,9255.0,91,37,1,22,0,5,0
0,1,67786.0,0,67,0,1156,1,16,1
0,0,71969.0,59,55,1,1086,1,19,1
0,1,59235.0,4,59,1,1128,0,28,2
0,0,31928.0,5,37,1,72,0,9,0
0,0,74881.0,48,65,2,964,0,27,1
0,0,65819.0,99,48,0,1383,0,20,1
0,1,51411.0,81,73,3,18,0,4,2
0,1,51983.0,95,62,1,793,0,24,2
0,0,42386.0,43,40,1,100,0,7,2
0,0,30390.0,5,39,0,80,0,6,0
0,1,30983.0,50,63,0,167,1,8,0
0,1,66033.0,76,69,1,677,0,20,1
0,0,37284.0,46,51,2,23,0,4,0
0,1,57530.0,68,75,1,92,0,7,2
0,0,76800.0,33,61,0,641,0,16,1
0,0,63943.0,50,70,1,1106,0,17,1
0,0,76081.0,85,64,0,1033,1,14,1
0,0,67445.0,63,52,1,1174,0,32,1
0,0,37054.0,89,59,2,25,0,6,0
0,0,47175.0,81,64,2,240,2,17,2
0,1,31859.0,77,50,1,20,0,4,0
0,1,27215.0,50,65,3,102,0,11,0
0,1,70179.0,10,50,1,1034,0,26,1
0,0,39922.0,30,43,1,156,0,9,0
0,0,49681.0,66,50,2,458,0,21,2
0,0,24645.0,16,38,1,17,0,4,0
0,1,79865.0,12,72,1,792,0,21,1
0,0,44322.0,30,41,1,92,0,8,2
0,1,47958.0,8,74,1,407,0,16,2
0,1,63972.0,93,62,1,1269,1,23,1
0,0,75315.0,14,72,1,841,0,23,1
0,0,55517.0,53,76,2,633,1,23,2
0,0,75283.0,26,69,3,1019,0,25,1
0,1,82800.0,23,80,0,1315,3,26,1
0,0,38998.0,92,72,2,54,0,8,0
0,1,90638.0,29,35,0,2525,2,18,1
0,0,27161.0,41,40,1,52,0,5,0
0,0,42014.0,56,49,1,436,1,20,2
0,0,38201.0,19,66,1,268,0,15,0
0,0,45203.0,4,44,2,147,1,8,2
0,0,81574.0,89,79,0,1798,2,18,1
0,0,34935.0,71,34,0,137,0,8,0
0,1,60482.0,81,50,1,507,0,17,2
0,0,34633.0,31,70,3,15,0,4,0
0,0,78093.0,53,79,0,1105,0,17,1
0,1,82460.0,78,76,0,974,0,15,1
0,0,45903.0,80,60,1,66,0,8,2
0,1,81361.0,18,39,0,778,1,27,1
0,1,35860.0,37,53,2,49,2,6,0
0,0,40442.0,52,74,2,169,1,12,2
0,0,61482.0,39,61,0,299,0,12,2
0,0,34968.0,11,46,1,221,0,17,0
0,0,75794.0,33,39,0,1682,1,25,1
0,0,31497.0,22,64,1,155,0,10,0
0,0,74268.0,83,71,0,892,0,13,1
1,0,13724.0,43,38,1,58,1,5,0
0,0,45143.0,74,61,1,311,0,15,2
0,1,52569.0,54,59,1,95,0,7,2
0,1,48432.0,3,53,1,424,1,19,2
0,0,17144.0,96,66,2,47,0,12,0
0,1,36108.0,68,42,1,339,1,15,0
0,0,76445.0,2,55,1,1410,0,21,1
0,0,36663.0,40,51,1,35,0,6,0
0,0,53843.0,64,61,1,562,0,20,2
0,0,90226.0,26,70,0,2352,1,24,1
0,1,70638.0,69,71,0,1334,1,20,1
0,0,44512.0,57,66,2,32,0,6,2
0,0,27116.0,78,65,2,41,0,7,0
0,0,54072.0,71,63,2,39,0,5,2
0,0,71855.0,59,49,1,1141,0,25,1
0,1,51250.0,28,36,1,710,1,24,2
0,0,60432.0,61,53,1,401,0,19,2
0,0,65526.0,22,62,1,506,0,17,1
0,1,68655.0,95,38,0,1538,0,21,1
0,0,12393.0,38,48,0,57,0,6,0
0,1,64509.0,19,36,0,1722,2,19,1
0,1,33955.0,92,51,1,270,0,15,0
0,0,31353.0,24,49,2,31,1,6,0
0,0,55434.0,21,42,1,882,0,24,2
0,0,28359.0,35,43,1,16,0,4,0
0,1,57100.0,9,39,1,311,0,14,2
0,0,69139.0,23,61,1,227,0,11,1
0,0,52973.0,92,70,1,1152,0,31,2
0,0,51717.0,55,61,1,122,1,8,2
0,0,18793.0,14,55,1,77,0,9,0
0,0,66664.0,78,44,0,1289,0,19,1
0,1,50664.0,64,67,2,561,0,24,2
0,0,54414.0,49,63,2,211,0,13,2
0,0,54549.0,8,74,1,233,0,12,2
0,1,47111.0,35,55,1,1092,0,21,2
0,1,41003.0,11,63,0,601,0,17,2
0,0,19444.0,8,44,1,54,1,10,0
0,0,36301.0,53,50,1,78,0,7,0
0,0,73059.0,36,79,1,1095,0,26,1
0,0,42731.0,64,57,1,244,0,13,2
0,0,52854.0,43,67,2,116,0,9,2
0,0,22775.0,40,48,1,15,0,4,0
0,0,46681.0,52,78,2,425,0,16,2
0,0,59821.0,11,71,1,734,0,26,2
0,1,50002.0,21,72,1,638,0,19,2
0,0,69755.0,23,81,0,894,0,22,1
0,0,44078.0,17,57,2,41,0,7,2
0,0,30560.0,6,50,1,31,0,5,0
0,0,35924.0,56,57,2,34,0,5,0
0,1,64140.0,71,62,2,1750,4,18,1
0,0,56386.0,51,45,2,612,0,25,2
1,0,24594.0,94,47,1,29,0,5,0
0,0,75774.0,27,45,1,823,0,21,1
0,1,39228.0,1,66,0,20,0,4,0
0,0,58494.0,56,52,1,396,0,16,2
0,1,58684.0,71,45,0,813,1,21,2
0,1,57136.0,18,59,0,1179,1,20,2
0,1,56551.0,48,76,2,138,0,10,2
0,0,22448.0,86,44,1,55,0,9,0
0,1,82014.0,48,65,0,1511,1,22,1
0,1,34213.0,2,63,2,117,1,9,0
0,1,25358.0,57,79,1,32,0,6,0
0,1,35544.0,77,48,1,67,0,6,0
0,0,36634.0,0,72,1,335,0,15,0
0,0,62670.0,57,72,1,825,0,22,2
0,0,50334.0,24,54,1,694,0,23,2
0,1,72066.0,55,45,0,1792,3,17,1
0,1,50729.0,62,68,2,496,0,24,2
0,0,34916.0,89,58,2,231,0,13,0
0,1,64892.0,77,50,1,902,0,24,1
0,1,43602.0,45,60,2,68,0,9,2
0,1,33996.0,46,37,0,71,0,6,0
0,1,41473.0,80,41,1,76,0,6,2
0,0,63246.0,60,59,2,772,0,22,2
0,0,36732.0,71,67,2,47,0,9,0
0,0,69084.0,43,56,1,1586,0,25,1
0,0,77766.0,97,59,1,1529,2,34,1
0,1,37929.0,49,41,0,265,3,13,0
0,0,86610.0,66,75,0,1603,0,18,1
0,0,80141.0,20,40,0,2091,2,22,1
0,0,72635.0,54,71,0,981,1,21,1
0,0,69016.0,61,56,1,1533,0,34,1
0,0,20193.0,18,35,0,82,0,7,0
0,0,27573.0,45,51,1,244,0,14,0
1,1,15862.0,26,47,1,36,0,5,0
0,0,49544.0,0,50,1,404,0,16,2
0,0,33228.0,28,46,1,71,0,6,0
0,0,70440.0,49,48,0,1572,1,23,1
0,0,38232.0,84,55,2,122,0,11,0
0,0,22554.0,38,71,2,41,0,10,0
0,0,23536.0,53,43,1,10,0,4,0
0,0,49413.0,88,74,1,304,0,13,2
0,0,42231.0,99,57,2,37,0,5,2
0,1,78789.0,12,46,0,1754,1,16,1
0,0,56534.0,35,58,1,815,3,25,2
0,1,58350.0,5,55,1,1001,0,27,2
0,1,81217.0,77,37,0,1157,0,22,1
0,1,49090.0,45,75,1,688,0,21,2
0,1,61787.0,71,39,0,1319,0,19,2
0,0,18169.0,40,41,1,21,0,4,0
0,1,24336.0,82,45,1,31,0,4,0
0,0,18222.0,70,36,0,67,0,6,0
0,1,62335.0,87,74,1,708,0,21,2
0,0,42033.0,95,55,2,25,0,4,2
0,0,86580.0,72,43,0,746,1,11,1
0,1,41437.0,5,69,2,32,0,5,2
0,1,73705.0,86,75,2,1695,0,25,1
0,0,61064.0,80,50,1,1080,0,28,2
0,0,38452.0,62,71,2,72,0,9,0
0,1,18358.0,49,37,1,57,0,10,0
0,0,55012.0,85,53,1,660,0,25,2
1,0,9722.0,7,53,1,103,1,11,0
0,0,38175.0,6,42,1,153,0,11,0
0,0,58656.0,25,70,1,1220,1,32,2
0,0,52117.0,55,61,1,279,0,13,2
0,0,64813.0,81,48,1,745,0,20,1
0,0,54222.0,98,53,1,264,0,12,2
0,0,83512.0,31,40,0,2157,5,22,1
0,0,77520.0,30,67,1,1526,4,23,1
0,0,41154.0,98,48,1,69,0,6,2
0,0,80398.0,92,60,0,1597,1,26,1
1,1,18746.0,41,34,1,64,0,8,0
0,0,35196.0,68,42,1,497,0,18,0
0,1,60230.0,78,70,1,1067,0,17,2
0,0,22108.0,46,49,2,31,0,7,0
0,0,44392.0,71,52,2,211,0,14,2
0,0,55424.0,6,50,1,877,2,25,2
0,0,17688.0,82,47,1,11,0,4,0
0,0,92491.0,71,43,0,2034,4,25,1
0,1,90273.0,32,35,0,1991,4,19,1
0,1,82571.0,28,64,0,1686,1,24,1
0,1,38513.0,20,44,1,324,1,17,0
0,1,16653.0,10,47,1,69,1,9,0
0,0,42586.0,7,71,2,252,1,16,2
1,1,23529.0,67,61,1,54,0,5,0
0,0,74881.0,48,65,2,964,0,27,1
0,0,71107.0,61,75,1,1327,0,28,1
0,0,46910.0,36,62,2,68,0,7,2
0,0,18690.0,77,67,0,60,0,5,0
0,1,37244.0,90,71,2,55,1,5,0
0,0,82427.0,35,60,0,1456,1,21,1
0,1,75342.0,38,68,1,563,0,18,1
0,1,70044.0,46,72,1,1504,0,26,1
0,1,79146.0,33,59,2,564,0,19,1
0,0,77437.0,70,63,0,1125,1,23,1
0,0,54984.0,51,67,1,358,1,17,2
0,0,42403.0,18,55,1,42,0,5,2
0,0,55761.0,97,62,1,184,1,10,2
0,0,37292.0,32,43,1,460,0,19,0
0,1,45576.0,9,81,0,145,1,8,2
0,0,70321.0,6,79,0,1376,1,25,1
0,1,58086.0,80,57,1,792,0,23,2
0,0,81795.0,74,74,0,1382,0,23,1
1,0,28389.0,49,79,0,28,0,4,0
0,0,66835.0,21,80,0,1033,0,24,1
0,1,69901.0,95,57,1,882,0,23,1
0,0,80360.0,56,77,0,2231,3,15,1
0,0,63342.0,48,65,1,1101,2,19,2
0,0,44989.0,26,52,1,369,0,16,2
0,1,31859.0,3,46,1,48,0,5,0
0,1,51569.0,39,77,1,467,2,19,2
0,1,30372.0,33,55,2,44,0,8,0
1,1,16014.0,42,47,2,38,0,10,0
0,0,41120.0,80,58,2,81,0,9,2
0,1,39763.0,9,55,1,167,1,10,0
0,0,38725.0,52,71,2,45,0,7,0
0,0,77981.0,78,54,1,664,0,21,1
0,0,62905.0,68,62,1,622,0,20,2
0,1,13533.0,45,47,1,48,0,7,0
0,0,59481.0,47,51,1,461,0,16,2
0,0,72117.0,34,49,1,1073,0,26,1
0,0,21955.0,81,40,1,55,0,8,0
0,0,67131.0,72,70,1,976,0,26,1
0,1,36802.0,23,46,1,20,0,5,0
0,0,71853.0,29,44,0,1149,0,17,1
1,0,28249.0,80,65,0,43,0,6,0
0,0,47808.0,30,51,1,224,1,10,2
0,1,25509.0,15,52,1,101,1,9,0
0,0,51012.0,86,80,0,209,0,10,2
0,1,70596.0,68,41,0,968,0,21,1
0,0,85431.0,54,74,0,1165,0,17,1
0,0,42664.0,44,59,1,24,0,5,2
0,0,42586.0,7,71,2,252,1,16,2
0,1,29760.0,87,41,1,165,0,12,0
0,0,28973.0,59,49,0,269,0,13,0
0,0,39435.0,16,53,1,102,0,7,0
0,0,65370.0,1,42,0,461,0,19,1
1,1,20194.0,64,47,1,47,0,7,0
0,1,42473.0,72,50,2,144,0,10,2
0,0,64590.0,98,58,0,1338,0,24,1
0,0,71232.0,91,67,1,917,0,25,1
0,0,34600.0,8,55,2,318,1,17,0
0,1,46904.0,20,59,2,253,0,14,2
0,0,49094.0,6,53,1,502,0,20,2
0,0,36075.0,54,43,1,119,0,7,0
0,0,60839.0,72,47,2,1250,0,29,2
0,0,77298.0,46,47,1,969,0,24,1
0,0,34026.0,11,76,2,76,0,9,0
0,1,48918.0,21,63,2,62,0,7,2
0,0,82122.0,89,64,0,1382,1,26,1
0,1,37697.0,82,50,1,84,0,7,0
0,0,34074.0,69,74,2,255,1,14,0
0,0,28520.0,55,66,2,43,0,5,0
0,1,62535.0,13,71,1,398,0,14,2
0,1,36273.0,80,49,1,76,0,8,0
0,0,63404.0,97,62,2,902,1,15,2
0,0,75774.0,27,45,1,823,0,21,1
0,0,78416.0,99,50,1,1179,0,26,1
0,0,75702.0,87,52,1,1921,1,29,1
0,0,59385.0,85,75,2,185,0,10,2
0,1,37070.0,30,60,2,433,1,23,0
0,0,44689.0,82,75,2,34,1,6,2
0,0,53977.0,21,68,1,907,0,27,2
0,1,7144.0,92,60,2,416,0,25,0
0,1,18701.0,95,62,2,44,0,10,0
0,0,90369.0,2,70,0,1588,1,17,1
0,1,63159.0,74,52,0,1797,1,17,2
0,0,37758.0,49,60,2,40,0,6,0
0,1,46757.0,71,63,1,1143,0,21,2
0,0,79734.0,72,57,0,914,1,14,1
0,0,63207.0,68,34,0,1502,1,12,2
0,1,72071.0,4,72,1,1338,0,20,1
0,0,21840.0,80,43,1,27,0,5,0
0,0,58582.0,15,44,1,763,1,22,2
0,1,72282.0,70,75,0,1331,1,22,1
0,0,50387.0,91,70,2,525,0,19,2
0,0,32583.0,10,65,2,9,0,4,0
0,0,62568.0,99,64,1,953,1,16,2
0,1,44635.0,25,55,2,68,0,7,2
0,1,33316.0,34,55,2,131,0,10,0
0,0,63967.0,57,58,1,882,0,23,1
0,0,52513.0,84,48,0,1149,0,25,2
0,0,25293.0,51,57,1,37,0,5,0
0,1,54111.0,97,61,1,388,0,15,2
0,0,78394.0,13,40,0,1428,1,16,1
0,0,80739.0,92,68,0,1633,0,24,1
0,0,22669.0,30,51,1,173,1,10,0
0,1,29236.0,30,39,1,99,0,9,0
0,0,44911.0,11,67,1,215,0,12,2
0,0,54693.0,72,64,1,929,0,31,2
0,0,48186.0,39,52,1,219,0,12,2
0,0,54809.0,0,49,2,174,1,12,2
0,0,41580.0,15,48,2,92,0,9,2
0,0,80336.0,12,56,0,1052,0,25,1
0,0,47743.0,56,69,1,275,1,14,2
0,0,62972.0,39,71,1,587,0,16,2
0,1,57333.0,55,72,1,1662,1,33,2
0,0,32313.0,60,44,1,159,0,11,0
0,1,84953.0,73,73,0,1024,4,18,1
0,1,27071.0,90,58,1,35,0,7,0
0,0,68148.0,86,69,0,1042,0,15,1
0,0,65735.0,37,61,2,395,0,19,1
0,0,86836.0,7,51,0,557,4,23,1
0,0,4023.0,29,63,2,9,0,15,0
0,0,30093.0,19,36,0,69,0,6,0
0,0,57705.0,14,60,1,486,0,18,2
0,1,25008.0,72,38,1,34,0,6,0
0,1,83257.0,56,31,0,1365,3,28,1
0,0,22280.0,85,51,1,13,0,4,0
0,0,72159.0,62,48,0,1401,0,21,1
0,0,64260.0,1,65,0,1574,1,14,1
0,1,82733.0,28,42,0,1323,1,20,1
0,1,74290.0,70,55,1,1217,2,32,1
0,1,58217.0,84,75,3,103,0,7,2
0,0,21024.0,89,50,0,84,0,7,0
0,0,70116.0,73,54,0,1536,0,23,1
0,0,54006.0,42,41,1,581,0,18,2
0,0,69063.0,16,60,1,928,0,14,1
0,1,11448.0,16,51,0,14,0,4,0
0,1,61825.0,56,47,1,424,0,15,2
0,0,70886.0,65,55,1,960,0,14,1
0,0,69109.0,10,44,0,1555,2,20,1
0,1,60208.0,13,53,2,656,2,29,2
0,0,32889.0,78,58,2,55,0,9,0
0,1,34738.0,51,42,1,20,0,5,0
0,0,30538.0,27,55,1,367,0,17,0
0,0,82326.0,30,49,0,2257,4,22,1
0,1,26642.0,71,59,1,42,0,7,0
0,1,69932.0,97,62,1,1049,0,26,1
0,1,44503.0,83,54,2,48,0,7,2
0,1,60200.0,3,78,1,685,0,25,2
0,1,49638.0,71,74,1,39,0,5,2
0,1,23830.0,3,39,0,43,0,5,0
0,1,33051.0,15,67,0,835,1,21,0
0,0,72905.0,52,68,0,1515,1,20,1
0,0,69702.0,8,75,1,1039,0,26,1
0,1,70300.0,89,51,1,1596,0,26,1
0,0,70643.0,66,42,0,1828,1,18,1
0,0,30396.0,22,57,1,34,2,6,0
0,1,50616.0,56,58,1,149,0,10,2
0,1,62772.0,74,57,1,946,1,23,2
0,1,30298.0,48,41,0,28,0,6,0
0,1,52413.0,67,42,1,450,0,17,2
0,0,44155.0,24,69,2,46,0,5,2
0,1,86979.0,67,55,0,1702,2,16,1
0,0,76532.0,38,51,2,820,0,25,1
0,0,42081.0,86,44,1,382,1,15,2
0,0,67546.0,90,38,0,2126,0,20,1
0,0,88420.0,87,37,0,2069,3,20,1
0,0,31158.0,62,41,1,72,0,7,0
0,1,61671.0,23,58,1,732,2,28,2
0,1,69719.0,99,52,0,801,0,11,1
0,1,49160.0,29,77,1,236,0,12,2
1,0,24882.0,52,48,1,80,1,5,0
0,1,90933.0,90,72,0,1685,1,15,1
0,1,113734.0,9,81,0,277,0,27,1
0,0,59292.0,71,76,1,507,0,18,2
0,0,45759.0,13,62,2,68,0,7,2
0,1,22148.0,16,43,0,49,0,5,0
0,0,73395.0,94,39,0,397,0,15,1
0,1,29819.0,77,55,1,39,0,9,0
0,0,45688.0,20,58,1,306,1,14,2
0,0,62820.0,51,72,0,976,0,14,2
0,0,60491.0,81,55,1,1028,0,28,2
0,0,33235.0,71,40,1,70,0,7,0
0,0,35701.0,36,67,0,46,0,5,0
0,0,31535.0,95,46,1,51,1,5,0
0,0,92556.0,32,66,0,1263,0,21,1
0,1,67384.0,32,56,1,1490,1,22,1
0,0,80573.0,85,55,0,1564,0,24,1
0,0,77870.0,93,59,1,1815,3,18,1
0,1,52278.0,24,63,1,1198,0,31,2
0,1,57107.0,44,58,1,416,3,23,2
0,0,18929.0,15,36,0,85,0,6,0
0,1,36038.0,82,45,1,47,0,8,0
0,1,20180.0,27,50,0,137,0,8,0
0,0,34230.0,72,61,2,21,0,4,0
0,1,31878.0,7,49,1,70,0,6,0
0,0,70932.0,57,54,1,909,0,22,1
0,1,91249.0,84,70,0,1676,5,22,1
0,1,77598.0,53,83,0,1735,1,26,1
0,1,80982.0,48,67,2,1191,0,30,1
0,0,22701.0,2,49,1,24,0,5,0
0,0,55212.0,65,57,1,1182,2,20,2
0,0,70617.0,45,56,0,1280,0,14,1
0,1,64849.0,42,69,0,1336,1,19,1
0,0,62694.0,29,61,2,749,0,24,2
0,0,61917.0,83,52,2,91,0,7,2
0,0,67472.0,93,79,1,414,0,15,1
0,0,21059.0,40,44,1,44,0,9,0
0,0,29543.0,47,58,2,63,0,8,0
0,0,75903.0,50,75,1,901,0,23,1
0,0,34984.0,40,51,2,38,0,6,0
0,1,54998.0,3,70,1,455,1,20,2
0,1,54356.0,62,77,1,775,1,24,2
0,0,34242.0,25,67,1,15,0,4,0
0,0,25410.0,48,53,1,38,0,6,0
0,0,73356.0,56,42,0,1512,4,22,1
0,0,28320.0,68,76,1,43,0,5,0
0,1,23763.0,64,49,1,42,0,5,0
0,0,72570.0,67,42,0,1089,0,23,1
0,0,34529.0,94,50,1,162,0,9,0
0,1,70792.0,82,75,0,1272,0,19,1
0,0,63211.0,3,44,0,1173,1,20,2
0,0,83891.0,24,52,1,816,0,22,1
0,1,36065.0,54,58,2,74,0,9,0
0,0,39898.0,20,72,1,134,0,9,0
0,1,51141.0,96,86,0,157,0,9,2
0,0,56939.0,19,50,1,561,0,18,2
0,1,80872.0,60,75,0,1336,0,19,1
0,0,72335.0,2,50,0,2092,1,23,1
0,1,61798.0,13,62,0,463,0,16,2
0,1,76842.0,37,76,0,1130,0,17,1
0,0,29478.0,59,50,1,20,0,5,0
0,1,46998.0,55,70,1,377,1,18,2
0,1,96843.0,60,36,0,1544,2,28,1
0,1,56551.0,48,76,2,138,0,10,2
0,0,70053.0,38,61,1,1012,0,26,1
0,1,71670.0,8,64,0,1766,4,15,1
0,0,44359.0,19,48,2,45,0,9,2
0,1,40887.0,32,74,2,161,1,10,2
0,1,48877.0,27,60,1,144,0,8,2
0,0,74485.0,58,79,0,1734,0,26,1
0,0,64474.0,59,54,1,823,0,22,1
0,0,77226.0,29,63,1,1138,0,28,1
0,1,72643.0,60,77,0,1429,2,21,1
0,0,85738.0,41,48,0,1371,2,21,1
0,1,55686.0,27,60,1,982,1,16,2
0,1,39062.0,28,43,1,44,1,5,0
0,0,34600.0,8,55,2,318,1,17,0
0,0,40794.0,18,51,1,434,0,16,2
0,0,54690.0,76,55,2,198,0,12,2
0,0,4428.0,0,57,1,359,0,25,0
0,0,32632.0,32,63,0,576,0,18,0
0,1,38236.0,2,58,2,88,0,11,0
0,0,36781.0,16,47,1,63,1,6,0
0,1,31385.0,56,42,1,27,2,4,0
0,0,24570.0,97,42,1,193,0,11,0
0,1,25509.0,15,52,1,101,1,9,0
0,0,94642.0,35,75,0,2211,2,21,1
0,0,58646.0,3,64,1,140,0,8,2
0,1,53201.0,49,51,2,415,0,22,2
0,0,21994.0,4,69,1,22,0,4,0
0,0,57113.0,45,48,2,263,0,16,2
0,0,51373.0,37,35,0,393,0,12,2
0,0,23477.0,39,40,1,147,0,10,0
0,0,58116.0,38,70,1,443,0,16,2
0,1,72968.0,8,63,0,1958,2,19,1
0,0,39791.0,89,55,1,174,0,10,0
0,1,91712.0,47,79,0,2217,2,27,1
0,1,94472.0,75,68,1,1691,2,16,1
0,0,13672.0,86,66,2,25,0,6,0
0,0,96547.0,4,46,0,809,4,21,1
0,0,79205.0,73,51,0,895,2,16,1
0,0,56559.0,46,51,1,484,0,18,2
0,0,32644.0,38,53,1,413,1,18,0
0,1,67506.0,73,46,1,331,0,12,1
0,1,24206.0,66,56,1,25,0,5,0
0,1,28420.0,36,59,1,13,0,4,0
0,0,22979.0,29,56,1,115,1,10,0
0,1,33279.0,29,60,0,16,0,4,0
0,1,46423.0,6,54,2,92,0,9,2
0,0,30368.0,97,49,1,52,0,7,0
0,0,63684.0,61,56,1,1464,0,23,2
0,1,41638.0,68,62,1,441,1,17,2
0,1,68805.0,73,67,1,283,0,12,1
0,0,65814.0,90,60,1,747,0,23,1
0,1,71964.0,81,68,0,1870,0,17,1
0,1,39146.0,1,40,1,165,0,11,0
0,0,96876.0,79,49,0,1941,4,24,1
1,0,34445.0,92,45,0,839,0,27,0
0,1,68281.0,31,68,0,1655,1,25,1
0,0,37284.0,46,51,2,23,0,4,0
0,0,36790.0,14,43,0,66,1,6,0
0,0,27943.0,89,59,2,37,0,8,0
0,1,22263.0,31,75,2,21,0,6,0
0,0,30261.0,75,54,3,22,0,4,0
0,0,28587.0,42,48,1,78,0,9,0
0,0,43815.0,53,44,1,79,0,6,2
0,0,48195.0,53,70,2,265,0,17,2
0,0,77027.0,23,74,1,1175,0,19,1
0,0,71322.0,57,61,1,1305,0,28,1
0,0,32765.0,49,47,1,46,0,8,0
0,0,29672.0,6,61,2,25,0,4,0
0,1,23272.0,29,73,0,46,0,5,0
0,0,49912.0,5,77,1,874,2,26,2
0,0,7500.0,98,41,1,100,0,10,0
0,1,68117.0,80,79,1,930,2,25,1
0,0,67225.0,4,71,1,868,0,23,1
0,0,17649.0,70,50,1,45,0,9,0
0,0,55914.0,32,51,1,1260,0,29,2
0,0,40059.0,82,42,1,414,1,12,0
0,0,60905.0,27,76,1,392,0,15,2
0,0,75330.0,94,49,2,1109,0,29,1
0,1,60689.0,23,75,1,639,0,22,2
0,0,38680.0,97,42,1,79,0,6,0
0,0,61416.0,25,44,0,1665,1,24,2
0,1,49767.0,92,35,0,692,0,18,2
0,1,83273.0,98,56,3,1392,0,29,1
0,0,29009.0,19,45,1,44,0,7,0
0,0,45057.0,80,47,1,50,0,6,2
0,0,37150.0,80,55,1,467,0,21,0
0,1,43020.0,79,56,1,223,0,12,2
0,0,53154.0,50,67,1,158,0,9,2
0,0,65308.0,60,53,0,1211,2,28,1
0,1,76467.0,44,56,1,1575,1,14,1
0,0,81044.0,0,79,0,1208,0,22,1
0,0,32871.0,28,75,2,43,0,5,0
0,1,55801.0,35,51,2,527,1,21,2
0,1,76320.0,49,67,1,932,0,15,1
0,1,36927.0,46,71,2,71,0,8,0
0,0,48794.0,97,73,2,54,0,5,2
0,1,23478.0,51,61,0,129,0,7,0
0,1,71128.0,80,53,1,1615,0,27,1
0,1,70179.0,10,50,1,1034,0,26,1
0,0,59462.0,29,76,1,1088,0,25,2
0,0,52247.25135379061,52,57,2,721,0,25,2
0,0,38361.0,74,57,1,137,0,10,0
0,1,52247.25135379061,82,45,1,47,0,8,2
0,0,70038.0,54,44,0,1244,0,17,1
0,0,42554.0,93,48,2,41,0,7,2
0,0,67445.0,63,52,1,1174,0,32,1
0,1,67046.0,92,75,1,993,0,15,1
0,0,42192.0,40,78,0,100,0,7,2
0,0,77610.0,70,74,1,1680,0,17,1
0,0,31761.0,96,42,1,98,0,9,0
0,0,34350.0,81,47,1,48,0,5,0
0,0,54591.0,63,77,1,519,0,19,2
0,0,71866.0,85,70,1,715,0,20,1
0,0,25293.0,51,57,1,37,0,5,0
0,1,42000.0,23,39,0,653,1,20,2
0,0,69520.0,95,43,0,1455,0,21,1
0,1,64713.0,11,56,1,602,1,19,1
0,0,27889.0,42,49,1,26,0,5,0
1,1,22123.0,77,66,0,102,0,7,0
0,0,52247.25135379061,82,55,2,97,0,10,2
0,0,52247.25135379061,83,72,1,207,0,11,2
0,0,27803.0,40,53,1,176,0,9,0
0,1,52247.25135379061,95,71,1,450,0,15,2
0,0,51651.0,32,66,1,433,0,17,2
0,0,68487.0,48,38,0,1366,0,30,1
0,1,52247.25135379061,75,83,0,1564,2,22,2
0,0,56796.0,24,57,1,1001,0,27,2
0,0,87000.0,61,34,0,961,0,18,1
0,0,79823.0,6,67,1,1518,1,23,1
0,1,30828.0,16,46,1,56,0,8,0
0,0,34109.0,39,55,1,22,0,4,0
0,1,53367.0,2,52,2,400,1,21,2
1,0,22390.0,49,57,0,26,0,4,0
0,0,71322.0,31,50,1,350,0,13,1
0,1,79244.0,58,33,0,1216,3,22,1
0,0,49912.0,5,77,1,874,2,26,2
0,0,48699.0,90,76,2,40,0,5,2
0,0,80144.0,47,51,0,1367,0,19,1
0,1,54252.0,25,70,2,264,0,15,2
0,0,81929.0,60,50,1,2053,3,20,1
0,0,76068.0,67,51,1,1376,2,10,1
0,0,53204.0,40,50,2,45,0,5,2
0,0,67911.0,63,77,1,976,0,27,1
0,0,14796.0,1,42,1,51,1,6,0
0,0,78128.0,89,52,1,1264,2,20,1
1,0,14188.0,40,54,0,75,0,7,0
1,0,20425.0,5,40,1,57,0,7,0
0,0,58646.0,3,64,1,140,0,8,2
0,1,72967.0,1,56,1,497,2,19,1
0,0,48150.0,24,77,1,266,0,13,2
0,1,82332.0,89,65,0,2006,2,21,1
0,1,58275.0,48,71,2,615,0,23,2
0,0,44953.0,31,45,0,1021,1,24,2
0,0,34587.0,68,73,2,22,0,6,0
0,0,43018.0,46,52,1,133,0,7,2
0,0,45736.0,92,72,1,437,0,19,2
0,0,66476.0,80,57,1,1013,0,26,1
0,0,27733.0,16,45,1,57,0,7,0
0,0,69805.0,50,74,1,1038,0,27,1
0,1,72217.0,93,64,0,1573,0,22,1
0,1,25818.0,51,55,1,28,0,4,0
0,0,37509.0,24,50,1,123,0,9,0
0,0,25176.0,79,50,2,13,0,4,0
0,0,43586.0,26,46,1,132,0,10,2
0,0,53230.0,86,70,1,732,0,23,2
0,0,50116.0,68,69,2,66,1,7,2
0,0,84906.0,98,54,0,1631,3,24,1
0,0,61286.0,34,60,1,608,0,18,2
0,0,82333.0,60,40,0,1822,2,18,1
0,0,65220.0,3,61,0,1282,1,23,1
0,0,33590.0,65,52,3,8,0,4,0
0,1,30992.0,83,50,1,43,0,5,0
0,1,72309.0,64,50,0,1931,2,20,1
1,0,16005.0,69,46,1,103,0,8,0
0,1,65487.0,48,69,0,1169,0,17,1
0,0,58692.0,21,61,1,395,0,15,2
0,1,40590.0,30,57,2,258,1,15,2
0,1,20587.0,39,56,1,25,0,5,0
0,1,62637.0,76,72,1,185,0,10,2
0,1,29435.0,11,60,2,180,1,11,0
0,1,19346.0,26,52,1,22,0,5,0
0,0,35788.0,34,55,2,44,0,7,0
0,1,36997.0,72,58,2,94,0,12,0
0,0,23539.0,13,69,0,81,0,7,0
0,1,65333.0,58,53,1,798,2,28,1
0,1,78499.0,12,69,0,1334,2,19,1
0,0,29732.0,23,55,1,38,0,5,0
0,0,41275.0,33,66,3,61,0,11,2
0,0,63516.0,30,53,2,300,0,16,2
0,0,42769.0,15,64,1,88,0,8,2
0,0,49572.0,25,68,2,54,0,7,2
0,0,69209.0,4,54,0,1782,1,16,1
0,0,17148.0,80,50,1,68,0,11,0
0,1,40590.0,30,57,2,258,1,15,2
0,0,30560.0,6,50,1,31,0,5,0
0,0,32146.0,16,43,1,66,0,8,0
0,1,41713.0,57,62,2,174,0,13,2
0,0,34176.0,9,51,1,28,0,5,0
0,0,58482.0,59,71,1,731,1,22,2
0,1,59686.0,78,61,1,274,0,12,2
0,0,60896.0,90,62,1,1701,1,26,2
0,0,62994.0,74,46,1,312,0,13,2
0,0,47320.0,10,69,1,414,0,20,2
0,1,74859.0,63,77,0,1565,1,23,1
1,1,15253.0,13,34,1,29,0,6,0
0,1,31560.0,98,52,1,94,0,8,0
0,1,72071.0,4,72,1,1338,0,20,1
0,1,91172.0,94,36,0,1092,5,14,1
0,0,90000.0,91,42,0,1479,3,18,1
0,1,41967.0,66,45,2,54,0,5,2
0,1,69263.0,14,61,1,568,1,18,1
0,1,65706.0,77,56,0,1199,4,27,1
0,0,60934.0,41,51,1,873,0,23,2
0,0,71965.0,21,75,1,1213,0,17,1
0,0,65210.0,25,71,1,731,2,22,1
0,0,79174.0,2,51,0,2043,3,19,1
0,1,81380.0,51,59,0,1893,0,17,1
0,1,48432.0,3,53,1,424,0,19,2
0,0,52914.0,32,55,1,575,1,15,2
0,0,38946.0,84,71,1,257,0,12,0
0,0,26067.0,49,52,1,56,0,9,0
0,0,44325.0,69,54,1,542,1,21,2
0,0,42523.0,96,62,0,125,0,7,2
1,1,26487.0,23,48,1,69,0,9,0
0,0,53233.0,18,69,1,40,0,5,2
0,0,67716.0,8,66,1,1016,1,28,1
0,0,76234.0,21,54,1,907,1,23,1
0,0,84117.0,60,70,0,1566,1,24,1
0,0,65487.0,48,69,0,1169,0,17,1
1,0,25224.0,36,54,1,46,0,7,0
0,1,89616.0,36,43,0,1644,1,25,1
0,1,40851.0,63,55,2,59,0,5,2
0,0,27469.0,2,79,0,17,0,4,0
0,0,82347.0,38,69,0,1853,3,25,1
0,0,73803.0,61,69,1,1528,2,22,1
0,1,8820.0,52,74,2,35,0,10,0
0,1,43322.0,25,52,0,141,0,8,2
0,0,55593.0,63,53,1,546,1,17,2
0,0,50501.0,10,72,2,500,2,20,2
0,0,37085.0,65,51,2,61,0,10,0
1,1,16185.0,71,36,1,106,0,8,0
0,1,57731.0,0,57,1,704,0,26,2
0,1,48432.0,3,53,1,424,1,19,2
0,0,73807.0,88,48,1,849,0,23,1
0,0,18929.0,15,36,0,85,0,6,0
0,1,35893.0,80,58,2,199,0,15,0
0,0,61014.0,17,46,1,1147,0,20,2
0,0,32144.0,76,72,2,54,1,10,0
1,0,14918.0,52,63,1,43,0,5,0
0,1,45146.0,28,63,2,53,0,6,2
0,1,41769.0,31,71,1,521,0,22,2
0,0,88325.0,42,45,0,1623,0,18,1
0,1,38054.0,24,76,2,45,0,7,0
0,1,80617.0,42,31,0,1435,0,19,1
0,0,5305.0,12,50,1,32,0,1,0
0,0,36807.0,88,72,2,16,0,4,0
0,0,28427.0,67,43,1,52,0,7,0
0,1,82032.0,54,78,0,1234,0,17,1
0,0,22775.0,40,48,1,15,0,4,0
0,0,40101.0,73,41,1,415,0,17,2
0,0,58025.0,81,47,1,470,0,18,2
0,1,75777.0,12,44,0,1438,3,21,1
0,0,7500.0,7,47,1,53,0,11,0
0,0,33562.0,33,63,3,51,0,9,0
0,1,57642.0,24,56,1,679,1,22,2
0,0,58554.0,55,58,2,586,0,22,2
0,0,63777.0,87,47,2,653,0,26,2
0,1,57967.0,39,64,1,468,0,19,2
0,0,52247.25135379061,53,48,0,1679,1,1,2
0,0,24434.0,9,54,2,50,0,7,0
0,1,11012.0,82,42,1,84,1,9,0
0,1,44802.0,71,56,0,1049,0,27,2
0,1,26816.0,50,40,0,22,0,4,0
0,0,34421.0,81,52,1,30,0,4,0
0,0,61223.0,46,59,1,1341,0,18,2
0,0,64014.0,56,80,3,444,1,22,1
0,1,56981.0,91,45,0,1241,1,19,2
0,0,69245.0,8,70,1,843,0,23,1
0,0,52869.0,40,72,2,172,1,11,2
